date,channel,revenue,orders
2025-07-04,EMAIL,0.0,0
2025-07-04,Email,0.0,0
2025-07-04,ORGANIC,0.0,0
2025-07-04,Organic,0.0,0
2025-07-04,PAID_SOCIAL,0.0,0
2025-07-04,Paid_Social,0.0,0
2025-07-04,REFERRAL,0.0,0
2025-07-04,SEARCH,0.0,0
2025-07-04,Search,0.0,0
2025-07-04,email,139247.75,20
2025-07-04,organic,72632.73,14
2025-07-04,paid_social,174574.23,30
2025-07-04,referral,42112.649999999994,6
2025-07-04,search,275444.28,43
2025-07-05,EMAIL,0.0,0
2025-07-05,Email,0.0,0
2025-07-05,ORGANIC,0.0,0
2025-07-05,Organic,0.0,0
2025-07-05,PAID_SOCIAL,0.0,0
2025-07-05,Paid_Social,0.0,0
2025-07-05,SEARCH,0.0,0
2025-07-05,Search,0.0,0
2025-07-05,email,77759.99,14
2025-07-05,organic,67543.79000000001,11
2025-07-05,paid_social,52556.159999999996,11
2025-07-05,referral,22179.53,3
2025-07-05,search,225929.65,34
2025-07-06,EMAIL,13816.74,1
2025-07-06,Email,0.0,0
2025-07-06,ORGANIC,0.0,0
2025-07-06,Organic,0.0,0
2025-07-06,PAID_SOCIAL,7611.29,1
2025-07-06,Paid_Social,0.0,0
2025-07-06,SEARCH,0.0,0
2025-07-06,Search,0.0,0
2025-07-06,email,104204.42,15
2025-07-06,organic,22283.71,4
2025-07-06,paid_social,51234.97,10
2025-07-06,referral,18360.23,3
2025-07-06,search,182803.58,23
2025-07-07,EMAIL,0.0,0
2025-07-07,Email,0.0,0
2025-07-07,ORGANIC,0.0,0
2025-07-07,Organic,0.0,0
2025-07-07,PAID_SOCIAL,0.0,0
2025-07-07,Paid_Social,0.0,0
2025-07-07,REFERRAL,0.0,0
2025-07-07,SEARCH,0.0,0
2025-07-07,Search,9086.22,1
2025-07-07,email,90117.35,16
2025-07-07,organic,31038.18,3
2025-07-07,paid_social,122739.93,15
2025-07-07,referral,61029.909999999996,8
2025-07-07,search,262691.19,37
2025-07-08,Email,0.0,0
2025-07-08,ORGANIC,0.0,0
2025-07-08,Organic,9050.32,1
2025-07-08,PAID_SOCIAL,0.0,0
2025-07-08,Paid_Social,0.0,0
2025-07-08,REFERRAL,0.0,0
2025-07-08,SEARCH,0.0,0
2025-07-08,Search,0.0,0
2025-07-08,email,81617.24,11
2025-07-08,organic,47218.08,6
2025-07-08,paid_social,65108.24,12
2025-07-08,referral,27561.98,5
2025-07-08,search,288972.78,39
2025-07-09,EMAIL,0.0,0
2025-07-09,Email,0.0,0
2025-07-09,ORGANIC,0.0,0
2025-07-09,Organic,0.0,0
2025-07-09,PAID_SOCIAL,0.0,0
2025-07-09,Paid_Social,0.0,0
2025-07-09,REFERRAL,0.0,0
2025-07-09,SEARCH,0.0,0
2025-07-09,Search,0.0,0
2025-07-09,email,66176.98999999999,10
2025-07-09,organic,37303.520000000004,6
2025-07-09,paid_social,52838.67,12
2025-07-09,referral,34088.49,6
2025-07-09,search,155923.42,21
2025-07-10,EMAIL,0.0,0
2025-07-10,ORGANIC,0.0,0
2025-07-10,Organic,0.0,0
2025-07-10,PAID_SOCIAL,0.0,0
2025-07-10,Paid_Social,0.0,0
2025-07-10,Referral,0.0,0
2025-07-10,SEARCH,0.0,0
2025-07-10,Search,0.0,0
2025-07-10,email,66464.9,8
2025-07-10,organic,76244.76,11
2025-07-10,paid_social,57186.49,10
2025-07-10,referral,39725.02,4
2025-07-10,search,239082.16,36
2025-07-11,Email,0.0,0
2025-07-11,ORGANIC,0.0,0
2025-07-11,Organic,0.0,0
2025-07-11,PAID_SOCIAL,0.0,0
2025-07-11,Paid_Social,0.0,0
2025-07-11,REFERRAL,0.0,0
2025-07-11,Referral,0.0,0
2025-07-11,SEARCH,0.0,0
2025-07-11,Search,0.0,0
2025-07-11,email,71906.47,9
2025-07-11,organic,73448.83,11
2025-07-11,paid_social,100836.93,15
2025-07-11,referral,12637.15,2
2025-07-11,search,191330.35,27
2025-07-12,EMAIL,0.0,0
2025-07-12,Email,0.0,0
2025-07-12,ORGANIC,0.0,0
2025-07-12,Organic,0.0,0
2025-07-12,PAID_SOCIAL,0.0,0
2025-07-12,Paid_Social,2685.18,1
2025-07-12,REFERRAL,0.0,0
2025-07-12,Referral,0.0,0
2025-07-12,SEARCH,0.0,0
2025-07-12,Search,0.0,0
2025-07-12,email,151218.36000000002,17
2025-07-12,organic,35908.76,8
2025-07-12,paid_social,59385.880000000005,10
2025-07-12,referral,44646.5,6
2025-07-12,search,191216.77,25
2025-07-13,Email,0.0,0
2025-07-13,ORGANIC,0.0,0
2025-07-13,PAID_SOCIAL,0.0,0
2025-07-13,Paid_Social,4630.610000000001,1
2025-07-13,REFERRAL,0.0,0
2025-07-13,Referral,0.0,0
2025-07-13,SEARCH,2739.54,1
2025-07-13,Search,0.0,0
2025-07-13,email,225116.49,28
2025-07-13,organic,100468.2,15
2025-07-13,paid_social,174438.06,28
2025-07-13,referral,69418.84,11
2025-07-13,search,223178.73,38
2025-07-14,EMAIL,0.0,0
2025-07-14,Email,1810.88,1
2025-07-14,ORGANIC,0.0,0
2025-07-14,Organic,0.0,0
2025-07-14,PAID_SOCIAL,0.0,0
2025-07-14,Paid_Social,18032.6,1
2025-07-14,REFERRAL,5502.82,1
2025-07-14,Referral,0.0,0
2025-07-14,SEARCH,0.0,0
2025-07-14,Search,0.0,0
2025-07-14,email,94890.48,11
2025-07-14,organic,87091.86,9
2025-07-14,paid_social,58293.78,14
2025-07-14,referral,21540.37,3
2025-07-14,search,240650.63,31
2025-07-15,EMAIL,0.0,0
2025-07-15,Email,0.0,0
2025-07-15,ORGANIC,0.0,0
2025-07-15,PAID_SOCIAL,0.0,0
2025-07-15,Paid_Social,0.0,0
2025-07-15,Referral,0.0,0
2025-07-15,SEARCH,3717.68,1
2025-07-15,Search,5155.99,1
2025-07-15,email,49895.49,9
2025-07-15,organic,50317.9,8
2025-07-15,paid_social,62703.78,13
2025-07-15,referral,45274.44,8
2025-07-15,search,244204.4,37
2025-07-16,EMAIL,0.0,0
2025-07-16,Email,7145.030000000001,1
2025-07-16,PAID_SOCIAL,0.0,0
2025-07-16,Paid_Social,0.0,0
2025-07-16,Referral,0.0,0
2025-07-16,SEARCH,2464.5299999999997,1
2025-07-16,Search,0.0,0
2025-07-16,email,65501.85,8
2025-07-16,organic,26641.12,5
2025-07-16,paid_social,47684.83,8
2025-07-16,referral,25942.52,3
2025-07-16,search,140890.63,20
2025-07-17,EMAIL,0.0,0
2025-07-17,Email,0.0,0
2025-07-17,ORGANIC,0.0,0
2025-07-17,Organic,0.0,0
2025-07-17,PAID_SOCIAL,0.0,0
2025-07-17,Paid_Social,0.0,0
2025-07-17,REFERRAL,0.0,0
2025-07-17,SEARCH,0.0,0
2025-07-17,Search,0.0,0
2025-07-17,email,23740.52,7
2025-07-17,organic,55892.29,10
2025-07-17,paid_social,88733.67,20
2025-07-17,referral,39040.29,4
2025-07-17,search,242497.15,39
2025-07-18,EMAIL,0.0,0
2025-07-18,Email,0.0,0
2025-07-18,ORGANIC,0.0,0
2025-07-18,Organic,0.0,0
2025-07-18,PAID_SOCIAL,0.0,0
2025-07-18,Paid_Social,0.0,0
2025-07-18,SEARCH,0.0,0
2025-07-18,Search,0.0,0
2025-07-18,email,93144.40000000001,12
2025-07-18,organic,72358.65,9
2025-07-18,paid_social,53983.95,12
2025-07-18,referral,42758.64,6
2025-07-18,search,290412.3,38
2025-07-19,EMAIL,0.0,0
2025-07-19,Email,0.0,0
2025-07-19,ORGANIC,0.0,0
2025-07-19,Organic,0.0,0
2025-07-19,PAID_SOCIAL,0.0,0
2025-07-19,Paid_Social,0.0,0
2025-07-19,REFERRAL,0.0,0
2025-07-19,SEARCH,0.0,0
2025-07-19,Search,0.0,0
2025-07-19,email,49124.58,9
2025-07-19,organic,78747.84,11
2025-07-19,paid_social,114917.09,17
2025-07-19,referral,73583.24,9
2025-07-19,search,256714.04,36
2025-07-20,EMAIL,3911.62,1
2025-07-20,ORGANIC,0.0,0
2025-07-20,Organic,0.0,0
2025-07-20,PAID_SOCIAL,0.0,0
2025-07-20,Paid_Social,0.0,0
2025-07-20,Referral,0.0,0
2025-07-20,SEARCH,0.0,0
2025-07-20,Search,0.0,0
2025-07-20,email,98880.42,18
2025-07-20,organic,89824.55,19
2025-07-20,paid_social,89562.72,13
2025-07-20,referral,17232.99,4
2025-07-20,search,205349.49,28
2025-07-21,Email,0.0,0
2025-07-21,ORGANIC,0.0,0
2025-07-21,Organic,0.0,0
2025-07-21,PAID_SOCIAL,0.0,0
2025-07-21,Paid_Social,0.0,0
2025-07-21,REFERRAL,0.0,0
2025-07-21,Referral,0.0,0
2025-07-21,SEARCH,0.0,0
2025-07-21,Search,13935.89,1
2025-07-21,email,96063.53,11
2025-07-21,organic,55906.45,10
2025-07-21,paid_social,52468.69,9
2025-07-21,referral,7487.95,1
2025-07-21,search,268602.33,27
2025-07-22,Email,0.0,0
2025-07-22,ORGANIC,0.0,0
2025-07-22,Organic,0.0,0
2025-07-22,Paid_Social,0.0,0
2025-07-22,REFERRAL,0.0,0
2025-07-22,Referral,0.0,0
2025-07-22,SEARCH,0.0,0
2025-07-22,Search,0.0,0
2025-07-22,email,24017.71,7
2025-07-22,organic,70239.54000000001,10
2025-07-22,paid_social,55909.409999999996,10
2025-07-22,referral,20628.18,3
2025-07-22,search,276842.62,41
2025-07-23,Email,0.0,0
2025-07-23,Organic,0.0,0
2025-07-23,PAID_SOCIAL,0.0,0
2025-07-23,Paid_Social,0.0,0
2025-07-23,Referral,0.0,0
2025-07-23,SEARCH,0.0,0
2025-07-23,Search,0.0,0
2025-07-23,email,106966.54,19
2025-07-23,organic,12591.29,2
2025-07-23,paid_social,94796.77,18
2025-07-23,referral,30777.01,4
2025-07-23,search,84293.31999999999,14
2025-07-24,EMAIL,1907.43,1
2025-07-24,Email,0.0,0
2025-07-24,ORGANIC,0.0,0
2025-07-24,Organic,0.0,0
2025-07-24,PAID_SOCIAL,0.0,0
2025-07-24,Paid_Social,0.0,0
2025-07-24,Referral,0.0,0
2025-07-24,SEARCH,0.0,0
2025-07-24,Search,0.0,0
2025-07-24,email,65589.43000000001,13
2025-07-24,organic,87057.16,12
2025-07-24,paid_social,55976.6,8
2025-07-24,referral,20115.100000000002,2
2025-07-24,search,164135.08,24
2025-07-25,EMAIL,0.0,0
2025-07-25,Email,0.0,0
2025-07-25,ORGANIC,0.0,0
2025-07-25,Organic,0.0,0
2025-07-25,PAID_SOCIAL,0.0,0
2025-07-25,Paid_Social,0.0,0
2025-07-25,REFERRAL,0.0,0
2025-07-25,Referral,0.0,0
2025-07-25,SEARCH,0.0,0
2025-07-25,Search,0.0,0
2025-07-25,email,141436.42,20
2025-07-25,organic,53310.64,8
2025-07-25,paid_social,142775.6,21
2025-07-25,referral,51769.55,8
2025-07-25,search,183255.87,30
2025-07-26,EMAIL,0.0,0
2025-07-26,ORGANIC,0.0,0
2025-07-26,Organic,0.0,0
2025-07-26,PAID_SOCIAL,0.0,0
2025-07-26,Paid_Social,0.0,0
2025-07-26,Referral,0.0,0
2025-07-26,SEARCH,0.0,0
2025-07-26,Search,0.0,0
2025-07-26,email,118447.35,13
2025-07-26,organic,69142.52,9
2025-07-26,paid_social,52754.88,12
2025-07-26,referral,50051.4,8
2025-07-26,search,207442.05,29
2025-07-27,EMAIL,0.0,0
2025-07-27,Email,0.0,0
2025-07-27,ORGANIC,0.0,0
2025-07-27,Organic,0.0,0
2025-07-27,PAID_SOCIAL,0.0,0
2025-07-27,Paid_Social,0.0,0
2025-07-27,REFERRAL,0.0,0
2025-07-27,SEARCH,0.0,0
2025-07-27,Search,0.0,0
2025-07-27,email,122407.71,17
2025-07-27,organic,55343.98,7
2025-07-27,paid_social,97576.38,12
2025-07-27,referral,43806.9,9
2025-07-27,search,251122.31,31
2025-07-28,ORGANIC,0.0,0
2025-07-28,Organic,0.0,0
2025-07-28,PAID_SOCIAL,0.0,0
2025-07-28,Paid_Social,1585.6399999999999,1
2025-07-28,REFERRAL,0.0,0
2025-07-28,Referral,0.0,0
2025-07-28,SEARCH,0.0,0
2025-07-28,Search,0.0,0
2025-07-28,email,39964.56,7
2025-07-28,organic,49920.060000000005,10
2025-07-28,paid_social,141904.49,16
2025-07-28,referral,80588.71,9
2025-07-28,search,208240.91999999998,32
2025-07-29,Email,0.0,0
2025-07-29,ORGANIC,0.0,0
2025-07-29,Organic,0.0,0
2025-07-29,PAID_SOCIAL,0.0,0
2025-07-29,Paid_Social,0.0,0
2025-07-29,REFERRAL,0.0,0
2025-07-29,Referral,0.0,0
2025-07-29,SEARCH,12600.43,1
2025-07-29,Search,0.0,0
2025-07-29,email,46904.52,6
2025-07-29,organic,29365.88,6
2025-07-29,paid_social,52200.53,11
2025-07-29,referral,23616.3,3
2025-07-29,search,247039.88,30
2025-07-30,ORGANIC,0.0,0
2025-07-30,PAID_SOCIAL,0.0,0
2025-07-30,Paid_Social,0.0,0
2025-07-30,REFERRAL,9701.03,1
2025-07-30,Referral,0.0,0
2025-07-30,SEARCH,0.0,0
2025-07-30,Search,0.0,0
2025-07-30,email,89502.37,14
2025-07-30,organic,35728.3,3
2025-07-30,paid_social,28070.62,7
2025-07-30,referral,51047.71,8
2025-07-30,search,217168.36,31
2025-07-31,EMAIL,0.0,0
2025-07-31,ORGANIC,0.0,0
2025-07-31,Organic,0.0,0
2025-07-31,PAID_SOCIAL,0.0,0
2025-07-31,Paid_Social,0.0,0
2025-07-31,REFERRAL,0.0,0
2025-07-31,SEARCH,0.0,0
2025-07-31,Search,0.0,0
2025-07-31,email,108425.43000000001,14
2025-07-31,organic,71345.37,13
2025-07-31,paid_social,33405.07,6
2025-07-31,referral,17278.23,3
2025-07-31,search,292293.57,34
2025-08-01,EMAIL,0.0,0
2025-08-01,Email,0.0,0
2025-08-01,ORGANIC,0.0,0
2025-08-01,Organic,0.0,0
2025-08-01,PAID_SOCIAL,0.0,0
2025-08-01,Paid_Social,0.0,0
2025-08-01,SEARCH,6361.04,1
2025-08-01,Search,0.0,0
2025-08-01,email,44693.89,8
2025-08-01,organic,24088.77,3
2025-08-01,paid_social,57190.340000000004,12
2025-08-01,referral,11468.960000000001,1
2025-08-01,search,248956.1,37
2025-08-02,EMAIL,10758.18,1
2025-08-02,ORGANIC,0.0,0
2025-08-02,Organic,0.0,0
2025-08-02,PAID_SOCIAL,0.0,0
2025-08-02,Paid_Social,0.0,0
2025-08-02,REFERRAL,0.0,0
2025-08-02,SEARCH,8957.220000000001,1
2025-08-02,Search,0.0,0
2025-08-02,email,101441.91,10
2025-08-02,organic,64867.13,10
2025-08-02,paid_social,84684.07,14
2025-08-02,referral,11466.08,3
2025-08-02,search,192668.82,26
2025-08-03,EMAIL,0.0,0
2025-08-03,Email,0.0,0
2025-08-03,ORGANIC,4921.150000000001,1
2025-08-03,Organic,0.0,0
2025-08-03,PAID_SOCIAL,0.0,0
2025-08-03,Paid_Social,0.0,0
2025-08-03,REFERRAL,0.0,0
2025-08-03,Referral,0.0,0
2025-08-03,SEARCH,0.0,0
2025-08-03,Search,0.0,0
2025-08-03,email,57846.8,9
2025-08-03,organic,76315.97,8
2025-08-03,paid_social,54248.18,9
2025-08-03,referral,12712.279999999999,2
2025-08-03,search,167436.79,20
2025-08-04,Email,0.0,0
2025-08-04,ORGANIC,0.0,0
2025-08-04,Organic,0.0,0
2025-08-04,PAID_SOCIAL,0.0,0
2025-08-04,Paid_Social,0.0,0
2025-08-04,SEARCH,12876.92,1
2025-08-04,Search,0.0,0
2025-08-04,email,56676.29,9
2025-08-04,organic,34411.88,5
2025-08-04,paid_social,82383.58,9
2025-08-04,referral,20293.47,1
2025-08-04,search,183015.68,29
2025-08-05,EMAIL,0.0,0
2025-08-05,Email,0.0,0
2025-08-05,ORGANIC,0.0,0
2025-08-05,Organic,0.0,0
2025-08-05,PAID_SOCIAL,0.0,0
2025-08-05,Paid_Social,4571.38,1
2025-08-05,REFERRAL,0.0,0
2025-08-05,Referral,980.84,1
2025-08-05,SEARCH,0.0,0
2025-08-05,Search,0.0,0
2025-08-05,email,74962.81999999999,12
2025-08-05,organic,51845.770000000004,6
2025-08-05,paid_social,51120.26,9
2025-08-05,referral,39226.9,7
2025-08-05,search,128261.42,21
2025-08-06,Email,0.0,0
2025-08-06,ORGANIC,0.0,0
2025-08-06,Organic,0.0,0
2025-08-06,PAID_SOCIAL,0.0,0
2025-08-06,Paid_Social,0.0,0
2025-08-06,REFERRAL,0.0,0
2025-08-06,Referral,0.0,0
2025-08-06,SEARCH,0.0,0
2025-08-06,Search,0.0,0
2025-08-06,email,128768.07,16
2025-08-06,organic,34556.63,6
2025-08-06,paid_social,72468.97,11
2025-08-06,referral,0.0,0
2025-08-06,search,190154.91999999998,25
2025-08-07,EMAIL,0.0,0
2025-08-07,Email,0.0,0
2025-08-07,ORGANIC,0.0,0
2025-08-07,Organic,0.0,0
2025-08-07,PAID_SOCIAL,0.0,0
2025-08-07,Paid_Social,0.0,0
2025-08-07,Referral,0.0,0
2025-08-07,SEARCH,0.0,0
2025-08-07,Search,0.0,0
2025-08-07,email,45792.52,9
2025-08-07,organic,34751.31,5
2025-08-07,paid_social,100791.2,16
2025-08-07,referral,24043.52,5
2025-08-07,search,170906.43,27
2025-08-08,EMAIL,0.0,0
2025-08-08,Email,3519.57,1
2025-08-08,ORGANIC,0.0,0
2025-08-08,PAID_SOCIAL,0.0,0
2025-08-08,Paid_Social,0.0,0
2025-08-08,REFERRAL,0.0,0
2025-08-08,Referral,0.0,0
2025-08-08,SEARCH,0.0,0
2025-08-08,Search,0.0,0
2025-08-08,email,96920.36,15
2025-08-08,organic,56869.02,10
2025-08-08,paid_social,159867.43,22
2025-08-08,referral,17815.800000000003,3
2025-08-08,search,277029.31,40
2025-08-09,EMAIL,0.0,0
2025-08-09,ORGANIC,0.0,0
2025-08-09,Organic,0.0,0
2025-08-09,PAID_SOCIAL,0.0,0
2025-08-09,Paid_Social,0.0,0
2025-08-09,REFERRAL,0.0,0
2025-08-09,SEARCH,0.0,0
2025-08-09,Search,0.0,0
2025-08-09,email,70719.75,13
2025-08-09,organic,70167.81,11
2025-08-09,paid_social,146824.47,25
2025-08-09,referral,8806.789999999999,2
2025-08-09,search,228618.51,32
2025-08-10,EMAIL,0.0,0
2025-08-10,Email,0.0,0
2025-08-10,ORGANIC,0.0,0
2025-08-10,Organic,0.0,0
2025-08-10,PAID_SOCIAL,0.0,0
2025-08-10,Paid_Social,0.0,0
2025-08-10,REFERRAL,0.0,0
2025-08-10,Referral,0.0,0
2025-08-10,SEARCH,0.0,0
2025-08-10,Search,0.0,0
2025-08-10,email,91265.65,13
2025-08-10,organic,94881.01000000001,13
2025-08-10,paid_social,126048.2,19
2025-08-10,referral,30026.06,4
2025-08-10,search,184729.21,27
2025-08-11,Email,0.0,0
2025-08-11,ORGANIC,0.0,0
2025-08-11,Organic,0.0,0
2025-08-11,PAID_SOCIAL,0.0,0
2025-08-11,Paid_Social,0.0,0
2025-08-11,Referral,0.0,0
2025-08-11,SEARCH,0.0,0
2025-08-11,Search,0.0,0
2025-08-11,email,132896.93,21
2025-08-11,organic,153311.13,20
2025-08-11,paid_social,153212.83,23
2025-08-11,referral,23294.58,4
2025-08-11,search,293522.68,44
2025-08-12,EMAIL,0.0,0
2025-08-12,Email,0.0,0
2025-08-12,ORGANIC,0.0,0
2025-08-12,Organic,0.0,0
2025-08-12,PAID_SOCIAL,0.0,0
2025-08-12,Paid_Social,0.0,0
2025-08-12,Referral,0.0,0
2025-08-12,SEARCH,0.0,0
2025-08-12,Search,0.0,0
2025-08-12,email,106301.51,15
2025-08-12,organic,50723.87,7
2025-08-12,paid_social,35194.76,7
2025-08-12,referral,10591.71,1
2025-08-12,search,232777.85,27
2025-08-13,Email,0.0,0
2025-08-13,ORGANIC,0.0,0
2025-08-13,Organic,0.0,0
2025-08-13,PAID_SOCIAL,3444.18,1
2025-08-13,Paid_Social,0.0,0
2025-08-13,REFERRAL,0.0,0
2025-08-13,Referral,0.0,0
2025-08-13,SEARCH,0.0,0
2025-08-13,Search,0.0,0
2025-08-13,email,113010.33,19
2025-08-13,organic,126700.64,15
2025-08-13,paid_social,59533.84,9
2025-08-13,referral,46218.28,5
2025-08-13,search,266677.74,44
2025-08-14,EMAIL,0.0,0
2025-08-14,Email,0.0,0
2025-08-14,ORGANIC,4142.83,1
2025-08-14,PAID_SOCIAL,0.0,0
2025-08-14,Paid_Social,0.0,0
2025-08-14,REFERRAL,0.0,0
2025-08-14,SEARCH,0.0,0
2025-08-14,Search,0.0,0
2025-08-14,email,98636.02,18
2025-08-14,organic,35755.01,5
2025-08-14,paid_social,179494.01,25
2025-08-14,referral,64128.6,6
2025-08-14,search,260153.94,39
2025-08-15,EMAIL,0.0,0
2025-08-15,ORGANIC,0.0,0
2025-08-15,Organic,0.0,0
2025-08-15,PAID_SOCIAL,0.0,0
2025-08-15,Paid_Social,0.0,0
2025-08-15,REFERRAL,0.0,0
2025-08-15,Referral,0.0,0
2025-08-15,SEARCH,0.0,0
2025-08-15,Search,0.0,0
2025-08-15,email,237713.53,30
2025-08-15,organic,93865.23999999999,12
2025-08-15,paid_social,160418.31,25
2025-08-15,referral,74599.51000000001,10
2025-08-15,search,287828.37,42
2025-08-16,EMAIL,0.0,0
2025-08-16,Email,0.0,0
2025-08-16,ORGANIC,0.0,0
2025-08-16,Organic,0.0,0
2025-08-16,PAID_SOCIAL,0.0,0
2025-08-16,Paid_Social,0.0,0
2025-08-16,REFERRAL,0.0,0
2025-08-16,SEARCH,0.0,0
2025-08-16,Search,0.0,0
2025-08-16,email,299193.31,39
2025-08-16,organic,115408.61,13
2025-08-16,paid_social,153243.72,28
2025-08-16,referral,80331.43000000001,12
2025-08-16,search,203096.79,33
2025-08-17,EMAIL,0.0,0
2025-08-17,Email,0.0,0
2025-08-17,ORGANIC,10682.64,1
2025-08-17,Organic,0.0,0
2025-08-17,PAID_SOCIAL,0.0,0
2025-08-17,Paid_Social,0.0,0
2025-08-17,REFERRAL,0.0,0
2025-08-17,SEARCH,0.0,0
2025-08-17,Search,2944.95,1
2025-08-17,email,179004.3,23
2025-08-17,organic,164017.66,22
2025-08-17,paid_social,129874.33,23
2025-08-17,referral,66441.25,8
2025-08-17,search,233403.92,33
2025-08-18,EMAIL,0.0,0
2025-08-18,Email,1109.9,1
2025-08-18,ORGANIC,0.0,0
2025-08-18,Organic,0.0,0
2025-08-18,PAID_SOCIAL,0.0,0
2025-08-18,Paid_Social,0.0,0
2025-08-18,REFERRAL,0.0,0
2025-08-18,SEARCH,21908.68,2
2025-08-18,Search,0.0,0
2025-08-18,email,90639.64,18
2025-08-18,organic,47346.03,7
2025-08-18,paid_social,129826.55,21
2025-08-18,referral,73726.59,11
2025-08-18,search,191685.26,29
2025-08-19,EMAIL,10119.210000000001,1
2025-08-19,Email,0.0,0
2025-08-19,ORGANIC,0.0,0
2025-08-19,Organic,0.0,0
2025-08-19,PAID_SOCIAL,0.0,0
2025-08-19,Paid_Social,0.0,0
2025-08-19,REFERRAL,0.0,0
2025-08-19,Referral,0.0,0
2025-08-19,SEARCH,0.0,0
2025-08-19,Search,0.0,0
2025-08-19,email,167797.89,23
2025-08-19,organic,57384.81,13
2025-08-19,paid_social,142751.76,20
2025-08-19,referral,77655.98,13
2025-08-19,search,238345.72,36
2025-08-20,EMAIL,0.0,0
2025-08-20,Email,0.0,0
2025-08-20,ORGANIC,0.0,0
2025-08-20,Organic,0.0,0
2025-08-20,PAID_SOCIAL,0.0,0
2025-08-20,Paid_Social,0.0,0
2025-08-20,REFERRAL,0.0,0
2025-08-20,Referral,0.0,0
2025-08-20,SEARCH,0.0,0
2025-08-20,Search,0.0,0
2025-08-20,email,130820.54000000001,19
2025-08-20,organic,101716.59,15
2025-08-20,paid_social,149706.06,19
2025-08-20,referral,70904.56999999999,11
2025-08-20,search,283829.85,42
2025-08-21,EMAIL,0.0,0
2025-08-21,Email,0.0,0
2025-08-21,ORGANIC,0.0,0
2025-08-21,Organic,0.0,0
2025-08-21,PAID_SOCIAL,0.0,0
2025-08-21,Paid_Social,0.0,0
2025-08-21,Referral,0.0,0
2025-08-21,SEARCH,0.0,0
2025-08-21,Search,0.0,0
2025-08-21,email,75264.3,12
2025-08-21,organic,31209.3,8
2025-08-21,paid_social,71142.73,9
2025-08-21,referral,15323.15,4
2025-08-21,search,213906.17,32
2025-08-22,EMAIL,0.0,0
2025-08-22,Email,0.0,0
2025-08-22,ORGANIC,0.0,0
2025-08-22,Organic,0.0,0
2025-08-22,PAID_SOCIAL,0.0,0
2025-08-22,Paid_Social,0.0,0
2025-08-22,Referral,0.0,0
2025-08-22,SEARCH,0.0,0
2025-08-22,Search,8401.39,1
2025-08-22,email,56845.17,7
2025-08-22,organic,24967.579999999998,6
2025-08-22,paid_social,94326.62,13
2025-08-22,referral,36020.909999999996,5
2025-08-22,search,288429.58999999997,37
2025-08-23,EMAIL,10265.62,1
2025-08-23,Email,2335.98,1
2025-08-23,ORGANIC,0.0,0
2025-08-23,Organic,0.0,0
2025-08-23,PAID_SOCIAL,0.0,0
2025-08-23,Paid_Social,0.0,0
2025-08-23,SEARCH,0.0,0
2025-08-23,Search,0.0,0
2025-08-23,email,107546.57,12
2025-08-23,organic,65325.37,13
2025-08-23,paid_social,54097.869999999995,7
2025-08-23,referral,24293.06,4
2025-08-23,search,264019.0,27
2025-08-24,EMAIL,0.0,0
2025-08-24,Email,5575.870000000001,1
2025-08-24,ORGANIC,0.0,0
2025-08-24,Organic,0.0,0
2025-08-24,PAID_SOCIAL,0.0,0
2025-08-24,Paid_Social,0.0,0
2025-08-24,REFERRAL,0.0,0
2025-08-24,Referral,0.0,0
2025-08-24,SEARCH,0.0,0
2025-08-24,Search,0.0,0
2025-08-24,email,63033.0,11
2025-08-24,organic,40617.89,5
2025-08-24,paid_social,92657.29000000001,12
2025-08-24,referral,59790.81,8
2025-08-24,search,221399.97,33
2025-08-25,EMAIL,0.0,0
2025-08-25,Email,0.0,0
2025-08-25,ORGANIC,0.0,0
2025-08-25,Organic,0.0,0
2025-08-25,PAID_SOCIAL,0.0,0
2025-08-25,Paid_Social,0.0,0
2025-08-25,REFERRAL,0.0,0
2025-08-25,SEARCH,0.0,0
2025-08-25,Search,0.0,0
2025-08-25,email,107199.64,15
2025-08-25,organic,52444.71,8
2025-08-25,paid_social,66671.92,7
2025-08-25,referral,25407.489999999998,6
2025-08-25,search,207953.95,30
2025-08-26,EMAIL,0.0,0
2025-08-26,Email,0.0,0
2025-08-26,ORGANIC,0.0,0
2025-08-26,Organic,0.0,0
2025-08-26,PAID_SOCIAL,0.0,0
2025-08-26,Paid_Social,0.0,0
2025-08-26,REFERRAL,0.0,0
2025-08-26,Search,0.0,0
2025-08-26,email,70504.93,13
2025-08-26,organic,56618.06,8
2025-08-26,paid_social,83754.76000000001,10
2025-08-26,referral,81670.27,12
2025-08-26,search,173834.41999999998,29
2025-08-27,EMAIL,3931.8900000000003,1
2025-08-27,Email,4755.72,1
2025-08-27,ORGANIC,0.0,0
2025-08-27,Organic,0.0,0
2025-08-27,PAID_SOCIAL,0.0,0
2025-08-27,Paid_Social,0.0,0
2025-08-27,REFERRAL,0.0,0
2025-08-27,SEARCH,0.0,0
2025-08-27,Search,0.0,0
2025-08-27,email,82829.06,9
2025-08-27,organic,75325.7,8
2025-08-27,paid_social,85875.75,13
2025-08-27,referral,34530.159999999996,5
2025-08-27,search,258867.96,32
2025-08-28,EMAIL,0.0,0
2025-08-28,ORGANIC,0.0,0
2025-08-28,Organic,0.0,0
2025-08-28,PAID_SOCIAL,0.0,0
2025-08-28,Paid_Social,0.0,0
2025-08-28,REFERRAL,0.0,0
2025-08-28,SEARCH,0.0,0
2025-08-28,Search,0.0,0
2025-08-28,email,92213.44,12
2025-08-28,organic,73573.36,11
2025-08-28,paid_social,67773.43000000001,15
2025-08-28,referral,34471.43,6
2025-08-28,search,166832.04,26
2025-08-29,EMAIL,0.0,0
2025-08-29,Email,0.0,0
2025-08-29,ORGANIC,0.0,0
2025-08-29,Organic,0.0,0
2025-08-29,Paid_Social,0.0,0
2025-08-29,REFERRAL,0.0,0
2025-08-29,SEARCH,0.0,0
2025-08-29,Search,0.0,0
2025-08-29,email,50741.049999999996,13
2025-08-29,organic,12853.03,3
2025-08-29,paid_social,70128.74,17
2025-08-29,referral,57654.47,8
2025-08-29,search,115607.09,17
2025-08-30,Email,0.0,0
2025-08-30,ORGANIC,0.0,0
2025-08-30,Organic,0.0,0
2025-08-30,PAID_SOCIAL,0.0,0
2025-08-30,Paid_Social,0.0,0
2025-08-30,REFERRAL,0.0,0
2025-08-30,Referral,0.0,0
2025-08-30,SEARCH,0.0,0
2025-08-30,Search,0.0,0
2025-08-30,email,84112.72,13
2025-08-30,organic,55592.54,9
2025-08-30,paid_social,61481.06,13
2025-08-30,referral,65065.38,10
2025-08-30,search,200095.13999999998,31
2025-08-31,EMAIL,0.0,0
2025-08-31,Email,0.0,0
2025-08-31,ORGANIC,0.0,0
2025-08-31,Organic,0.0,0
2025-08-31,PAID_SOCIAL,0.0,0
2025-08-31,Paid_Social,0.0,0
2025-08-31,Referral,0.0,0
2025-08-31,SEARCH,0.0,0
2025-08-31,Search,0.0,0
2025-08-31,email,41225.66,5
2025-08-31,organic,37496.270000000004,8
2025-08-31,paid_social,130237.47,18
2025-08-31,referral,22922.02,4
2025-08-31,search,141278.77,27
2025-09-01,EMAIL,0.0,0
2025-09-01,ORGANIC,0.0,0
2025-09-01,Organic,0.0,0
2025-09-01,PAID_SOCIAL,0.0,0
2025-09-01,Paid_Social,0.0,0
2025-09-01,REFERRAL,0.0,0
2025-09-01,SEARCH,0.0,0
2025-09-01,Search,0.0,0
2025-09-01,email,65965.54000000001,10
2025-09-01,organic,38033.090000000004,6
2025-09-01,paid_social,40528.16,10
2025-09-01,referral,70348.68000000001,9
2025-09-01,search,204237.49,31
2025-09-02,ORGANIC,0.0,0
2025-09-02,Organic,0.0,0
2025-09-02,PAID_SOCIAL,0.0,0
2025-09-02,Paid_Social,0.0,0
2025-09-02,SEARCH,0.0,0
2025-09-02,Search,0.0,0
2025-09-02,email,48627.5,7
2025-09-02,organic,12266.18,3
2025-09-02,paid_social,41899.950000000004,9
2025-09-02,referral,50361.35,4
2025-09-02,search,159340.86,24
2025-09-03,ORGANIC,0.0,0
2025-09-03,Organic,0.0,0
2025-09-03,PAID_SOCIAL,0.0,0
2025-09-03,Paid_Social,0.0,0
2025-09-03,Referral,0.0,0
2025-09-03,SEARCH,0.0,0
2025-09-03,Search,0.0,0
2025-09-03,email,124405.97,14
2025-09-03,organic,25675.63,4
2025-09-03,paid_social,71100.48999999999,10
2025-09-03,referral,44954.86,5
2025-09-03,search,163730.77,24
2025-09-04,EMAIL,0.0,0
2025-09-04,ORGANIC,0.0,0
2025-09-04,PAID_SOCIAL,0.0,0
2025-09-04,Paid_Social,0.0,0
2025-09-04,REFERRAL,0.0,0
2025-09-04,SEARCH,0.0,0
2025-09-04,Search,0.0,0
2025-09-04,email,44064.96,7
2025-09-04,organic,31099.86,4
2025-09-04,paid_social,76967.28,14
2025-09-04,referral,21297.36,3
2025-09-04,search,197748.95,30
2025-09-05,Email,0.0,0
2025-09-05,ORGANIC,0.0,0
2025-09-05,Organic,0.0,0
2025-09-05,PAID_SOCIAL,0.0,0
2025-09-05,Paid_Social,0.0,0
2025-09-05,REFERRAL,0.0,0
2025-09-05,Referral,0.0,0
2025-09-05,SEARCH,0.0,0
2025-09-05,Search,0.0,0
2025-09-05,email,37719.26,7
2025-09-05,organic,39607.08,7
2025-09-05,paid_social,77863.29,12
2025-09-05,referral,42599.39,5
2025-09-05,search,226313.85,31
2025-09-06,EMAIL,0.0,0
2025-09-06,Email,0.0,0
2025-09-06,ORGANIC,0.0,0
2025-09-06,Organic,0.0,0
2025-09-06,PAID_SOCIAL,0.0,0
2025-09-06,Paid_Social,0.0,0
2025-09-06,REFERRAL,0.0,0
2025-09-06,Referral,0.0,0
2025-09-06,SEARCH,0.0,0
2025-09-06,Search,0.0,0
2025-09-06,email,73438.21,12
2025-09-06,organic,33356.51,6
2025-09-06,paid_social,52895.66,10
2025-09-06,referral,31131.96,3
2025-09-06,search,181890.06,20
2025-09-07,EMAIL,0.0,0
2025-09-07,Email,0.0,0
2025-09-07,ORGANIC,0.0,0
2025-09-07,Organic,0.0,0
2025-09-07,PAID_SOCIAL,0.0,0
2025-09-07,Paid_Social,13412.1,1
2025-09-07,REFERRAL,0.0,0
2025-09-07,SEARCH,0.0,0
2025-09-07,Search,0.0,0
2025-09-07,email,99198.73,15
2025-09-07,organic,57202.43,13
2025-09-07,paid_social,86182.41,14
2025-09-07,referral,21066.05,3
2025-09-07,search,250538.12,35
2025-09-08,Email,0.0,0
2025-09-08,ORGANIC,0.0,0
2025-09-08,Organic,0.0,0
2025-09-08,PAID_SOCIAL,0.0,0
2025-09-08,Paid_Social,0.0,0
2025-09-08,REFERRAL,0.0,0
2025-09-08,Referral,0.0,0
2025-09-08,SEARCH,0.0,0
2025-09-08,Search,0.0,0
2025-09-08,email,139318.6,13
2025-09-08,organic,69591.11,8
2025-09-08,paid_social,85381.88,12
2025-09-08,referral,45047.0,6
2025-09-08,search,193665.49,30
2025-09-09,EMAIL,0.0,0
2025-09-09,ORGANIC,0.0,0
2025-09-09,Organic,0.0,0
2025-09-09,PAID_SOCIAL,0.0,0
2025-09-09,Paid_Social,0.0,0
2025-09-09,REFERRAL,0.0,0
2025-09-09,SEARCH,0.0,0
2025-09-09,Search,0.0,0
2025-09-09,email,100979.92,18
2025-09-09,organic,50411.840000000004,6
2025-09-09,paid_social,79984.73,11
2025-09-09,referral,21877.699999999997,4
2025-09-09,search,167335.92,28
2025-09-10,EMAIL,0.0,0
2025-09-10,Email,0.0,0
2025-09-10,ORGANIC,0.0,0
2025-09-10,Organic,0.0,0
2025-09-10,PAID_SOCIAL,0.0,0
2025-09-10,Paid_Social,0.0,0
2025-09-10,REFERRAL,0.0,0
2025-09-10,SEARCH,0.0,0
2025-09-10,Search,3305.65,1
2025-09-10,email,67850.28,13
2025-09-10,organic,85084.59,9
2025-09-10,paid_social,111093.77,17
2025-09-10,referral,30814.73,4
2025-09-10,search,265025.52,38
2025-09-11,EMAIL,0.0,0
2025-09-11,ORGANIC,0.0,0
2025-09-11,Organic,11084.72,1
2025-09-11,PAID_SOCIAL,0.0,0
2025-09-11,Paid_Social,0.0,0
2025-09-11,SEARCH,0.0,0
2025-09-11,Search,0.0,0
2025-09-11,email,162174.98,20
2025-09-11,organic,61005.75,12
2025-09-11,paid_social,130839.52,22
2025-09-11,referral,61826.55,8
2025-09-11,search,161948.38999999998,26
2025-09-12,Email,0.0,0
2025-09-12,ORGANIC,0.0,0
2025-09-12,Organic,0.0,0
2025-09-12,PAID_SOCIAL,0.0,0
2025-09-12,Paid_Social,0.0,0
2025-09-12,REFERRAL,0.0,0
2025-09-12,Referral,0.0,0
2025-09-12,SEARCH,0.0,0
2025-09-12,Search,0.0,0
2025-09-12,email,126336.51,17
2025-09-12,organic,18236.18,4
2025-09-12,paid_social,128832.0,20
2025-09-12,referral,41880.57,5
2025-09-12,search,246731.8,30
2025-09-13,EMAIL,2551.63,1
2025-09-13,Email,0.0,0
2025-09-13,ORGANIC,0.0,0
2025-09-13,Organic,11829.67,1
2025-09-13,PAID_SOCIAL,0.0,0
2025-09-13,Paid_Social,0.0,0
2025-09-13,Referral,0.0,0
2025-09-13,SEARCH,0.0,0
2025-09-13,Search,0.0,0
2025-09-13,email,163655.95,18
2025-09-13,organic,66015.05,9
2025-09-13,paid_social,52844.05,9
2025-09-13,referral,42105.33,6
2025-09-13,search,261760.13,34
2025-09-14,EMAIL,0.0,0
2025-09-14,Email,0.0,0
2025-09-14,ORGANIC,0.0,0
2025-09-14,Organic,0.0,0
2025-09-14,PAID_SOCIAL,0.0,0
2025-09-14,Paid_Social,3731.79,1
2025-09-14,REFERRAL,0.0,0
2025-09-14,Referral,0.0,0
2025-09-14,SEARCH,0.0,0
2025-09-14,Search,11433.900000000001,1
2025-09-14,email,70729.59,11
2025-09-14,organic,68730.3,9
2025-09-14,paid_social,63197.229999999996,12
2025-09-14,referral,20014.35,4
2025-09-14,search,224684.74,29
2025-09-15,EMAIL,0.0,0
2025-09-15,Email,0.0,0
2025-09-15,ORGANIC,0.0,0
2025-09-15,Organic,0.0,0
2025-09-15,PAID_SOCIAL,0.0,0
2025-09-15,Paid_Social,0.0,0
2025-09-15,Referral,0.0,0
2025-09-15,SEARCH,0.0,0
2025-09-15,Search,0.0,0
2025-09-15,email,120790.73,15
2025-09-15,organic,56848.63,11
2025-09-15,paid_social,76830.51,13
2025-09-15,referral,57870.799999999996,9
2025-09-15,search,250065.07,31
2025-09-16,ORGANIC,0.0,0
2025-09-16,Organic,2231.01,1
2025-09-16,PAID_SOCIAL,0.0,0
2025-09-16,Paid_Social,0.0,0
2025-09-16,REFERRAL,0.0,0
2025-09-16,Referral,0.0,0
2025-09-16,SEARCH,0.0,0
2025-09-16,Search,3295.16,1
2025-09-16,email,39062.340000000004,5
2025-09-16,organic,69837.57,10
2025-09-16,paid_social,62010.659999999996,11
2025-09-16,referral,38721.04,7
2025-09-16,search,167478.05,26
2025-09-17,EMAIL,0.0,0
2025-09-17,ORGANIC,0.0,0
2025-09-17,Organic,0.0,0
2025-09-17,PAID_SOCIAL,0.0,0
2025-09-17,Paid_Social,0.0,0
2025-09-17,Referral,0.0,0
2025-09-17,SEARCH,1581.28,1
2025-09-17,Search,0.0,0
2025-09-17,email,87203.12,14
2025-09-17,organic,40203.79,7
2025-09-17,paid_social,61026.75,9
2025-09-17,referral,100540.18,13
2025-09-17,search,177974.24,26
2025-09-18,Email,0.0,0
2025-09-18,ORGANIC,6993.69,1
2025-09-18,Organic,0.0,0
2025-09-18,PAID_SOCIAL,0.0,0
2025-09-18,Paid_Social,0.0,0
2025-09-18,REFERRAL,0.0,0
2025-09-18,Referral,0.0,0
2025-09-18,SEARCH,0.0,0
2025-09-18,Search,0.0,0
2025-09-18,email,53405.8,8
2025-09-18,organic,52134.4,9
2025-09-18,paid_social,88953.01,13
2025-09-18,referral,55753.82,9
2025-09-18,search,206301.06,28
2025-09-19,EMAIL,0.0,0
2025-09-19,Email,0.0,0
2025-09-19,ORGANIC,0.0,0
2025-09-19,Organic,0.0,0
2025-09-19,PAID_SOCIAL,0.0,0
2025-09-19,Paid_Social,0.0,0
2025-09-19,Referral,0.0,0
2025-09-19,SEARCH,0.0,0
2025-09-19,Search,0.0,0
2025-09-19,email,122861.47,20
2025-09-19,organic,14251.59,4
2025-09-19,paid_social,80854.26,15
2025-09-19,referral,16293.089999999998,3
2025-09-19,search,178675.79,31
2025-09-20,EMAIL,7498.200000000001,1
2025-09-20,ORGANIC,0.0,0
2025-09-20,Organic,0.0,0
2025-09-20,PAID_SOCIAL,0.0,0
2025-09-20,Paid_Social,0.0,0
2025-09-20,Referral,0.0,0
2025-09-20,SEARCH,0.0,0
2025-09-20,Search,0.0,0
2025-09-20,email,38100.0,8
2025-09-20,organic,104962.57,16
2025-09-20,paid_social,38505.36,8
2025-09-20,referral,28295.87,3
2025-09-20,search,154891.99,20
2025-09-21,EMAIL,0.0,0
2025-09-21,ORGANIC,0.0,0
2025-09-21,Organic,0.0,0
2025-09-21,PAID_SOCIAL,0.0,0
2025-09-21,Paid_Social,0.0,0
2025-09-21,REFERRAL,0.0,0
2025-09-21,Referral,0.0,0
2025-09-21,SEARCH,0.0,0
2025-09-21,Search,0.0,0
2025-09-21,email,78945.67,13
2025-09-21,organic,76036.38,11
2025-09-21,paid_social,76898.16,13
2025-09-21,referral,43511.46,7
2025-09-21,search,172406.09,26
2025-09-22,EMAIL,0.0,0
2025-09-22,Email,0.0,0
2025-09-22,ORGANIC,0.0,0
2025-09-22,Organic,0.0,0
2025-09-22,PAID_SOCIAL,0.0,0
2025-09-22,Paid_Social,0.0,0
2025-09-22,SEARCH,0.0,0
2025-09-22,Search,0.0,0
2025-09-22,email,102499.23,16
2025-09-22,organic,47952.7,8
2025-09-22,paid_social,61170.73,12
2025-09-22,referral,22670.09,1
2025-09-22,search,221575.05,34
2025-09-23,Email,0.0,0
2025-09-23,Organic,0.0,0
2025-09-23,PAID_SOCIAL,0.0,0
2025-09-23,Paid_Social,0.0,0
2025-09-23,REFERRAL,0.0,0
2025-09-23,Referral,0.0,0
2025-09-23,SEARCH,0.0,0
2025-09-23,Search,0.0,0
2025-09-23,email,79172.35,14
2025-09-23,organic,27925.99,3
2025-09-23,paid_social,65274.93,10
2025-09-23,referral,68368.93000000001,10
2025-09-23,search,236393.24,33
2025-09-24,EMAIL,0.0,0
2025-09-24,Email,0.0,0
2025-09-24,ORGANIC,0.0,0
2025-09-24,Organic,0.0,0
2025-09-24,PAID_SOCIAL,0.0,0
2025-09-24,Paid_Social,0.0,0
2025-09-24,REFERRAL,0.0,0
2025-09-24,SEARCH,0.0,0
2025-09-24,Search,0.0,0
2025-09-24,email,61619.73,10
2025-09-24,organic,80556.56,11
2025-09-24,paid_social,104911.39,18
2025-09-24,referral,55702.83,8
2025-09-24,search,205014.46,29
2025-09-25,Email,0.0,0
2025-09-25,ORGANIC,0.0,0
2025-09-25,Organic,0.0,0
2025-09-25,PAID_SOCIAL,0.0,0
2025-09-25,Paid_Social,0.0,0
2025-09-25,REFERRAL,0.0,0
2025-09-25,SEARCH,0.0,0
2025-09-25,Search,0.0,0
2025-09-25,email,132245.19,18
2025-09-25,organic,32990.91,6
2025-09-25,paid_social,135225.46,17
2025-09-25,referral,43444.27,5
2025-09-25,search,139529.29,16
2025-09-26,EMAIL,0.0,0
2025-09-26,ORGANIC,0.0,0
2025-09-26,Organic,0.0,0
2025-09-26,PAID_SOCIAL,0.0,0
2025-09-26,REFERRAL,0.0,0
2025-09-26,Referral,0.0,0
2025-09-26,SEARCH,0.0,0
2025-09-26,Search,0.0,0
2025-09-26,email,56446.73,7
2025-09-26,organic,46994.13,9
2025-09-26,paid_social,101395.48,15
2025-09-26,referral,65074.12,7
2025-09-26,search,261990.44,41
2025-09-27,EMAIL,0.0,0
2025-09-27,Email,0.0,0
2025-09-27,Organic,0.0,0
2025-09-27,PAID_SOCIAL,0.0,0
2025-09-27,Paid_Social,8359.84,1
2025-09-27,REFERRAL,0.0,0
2025-09-27,Referral,0.0,0
2025-09-27,SEARCH,0.0,0
2025-09-27,Search,0.0,0
2025-09-27,email,106763.09,17
2025-09-27,organic,45814.86,10
2025-09-27,paid_social,61864.76,12
2025-09-27,referral,86003.16,10
2025-09-27,search,234392.35,33
2025-09-28,EMAIL,0.0,0
2025-09-28,Email,0.0,0
2025-09-28,ORGANIC,0.0,0
2025-09-28,Organic,0.0,0
2025-09-28,PAID_SOCIAL,0.0,0
2025-09-28,Paid_Social,0.0,0
2025-09-28,REFERRAL,0.0,0
2025-09-28,SEARCH,6676.18,1
2025-09-28,Search,0.0,0
2025-09-28,email,112294.16,16
2025-09-28,organic,103574.27,14
2025-09-28,paid_social,103183.25,16
2025-09-28,referral,8140.9400000000005,2
2025-09-28,search,224152.91,30
2025-09-29,ORGANIC,0.0,0
2025-09-29,Organic,0.0,0
2025-09-29,PAID_SOCIAL,0.0,0
2025-09-29,Paid_Social,0.0,0
2025-09-29,REFERRAL,0.0,0
2025-09-29,Referral,0.0,0
2025-09-29,SEARCH,0.0,0
2025-09-29,Search,0.0,0
2025-09-29,email,52959.19,6
2025-09-29,organic,63347.66,10
2025-09-29,paid_social,124800.52,19
2025-09-29,referral,0.0,0
2025-09-29,search,142910.12,26
2025-09-30,EMAIL,0.0,0
2025-09-30,Email,0.0,0
2025-09-30,Organic,0.0,0
2025-09-30,PAID_SOCIAL,0.0,0
2025-09-30,Paid_Social,0.0,0
2025-09-30,SEARCH,0.0,0
2025-09-30,Search,0.0,0
2025-09-30,email,43872.71,10
2025-09-30,organic,47136.130000000005,8
2025-09-30,paid_social,34007.74,8
2025-09-30,referral,19681.8,2
2025-09-30,search,292009.31,48
2025-10-01,EMAIL,0.0,0
2025-10-01,ORGANIC,0.0,0
2025-10-01,PAID_SOCIAL,0.0,0
2025-10-01,Paid_Social,0.0,0
2025-10-01,REFERRAL,0.0,0
2025-10-01,Referral,0.0,0
2025-10-01,SEARCH,0.0,0
2025-10-01,Search,4900.2,1
2025-10-01,email,136782.82,20
2025-10-01,organic,40286.76,6
2025-10-01,paid_social,100289.25,19
2025-10-01,referral,80167.70999999999,9
2025-10-01,search,149947.49,25
2025-10-02,EMAIL,0.0,0
2025-10-02,ORGANIC,0.0,0
2025-10-02,Organic,0.0,0
2025-10-02,PAID_SOCIAL,0.0,0
2025-10-02,Paid_Social,0.0,0
2025-10-02,REFERRAL,0.0,0
2025-10-02,SEARCH,0.0,0
2025-10-02,Search,0.0,0
2025-10-02,email,46040.409999999996,8
2025-10-02,organic,34275.14,4
2025-10-02,paid_social,87296.43000000001,12
2025-10-02,referral,41461.75,5
2025-10-02,search,203152.82,32
2025-10-03,Email,0.0,0
2025-10-03,ORGANIC,0.0,0
2025-10-03,Organic,0.0,0
2025-10-03,PAID_SOCIAL,0.0,0
2025-10-03,Paid_Social,0.0,0
2025-10-03,REFERRAL,0.0,0
2025-10-03,Referral,0.0,0
2025-10-03,SEARCH,0.0,0
2025-10-03,Search,0.0,0
2025-10-03,email,125645.13,20
2025-10-03,organic,99536.3,13
2025-10-03,paid_social,70408.53,18
2025-10-03,referral,68454.27,10
2025-10-03,search,238830.03,33
2025-10-04,EMAIL,0.0,0
2025-10-04,Email,0.0,0
2025-10-04,Organic,0.0,0
2025-10-04,PAID_SOCIAL,0.0,0
2025-10-04,Paid_Social,7850.860000000001,1
2025-10-04,REFERRAL,0.0,0
2025-10-04,Referral,0.0,0
2025-10-04,SEARCH,0.0,0
2025-10-04,Search,0.0,0
2025-10-04,email,110814.76,18
2025-10-04,organic,64139.51,11
2025-10-04,paid_social,72477.63,13
2025-10-04,referral,51530.48,6
2025-10-04,search,253314.05,34
2025-10-05,EMAIL,0.0,0
2025-10-05,Email,6422.150000000001,1
2025-10-05,ORGANIC,0.0,0
2025-10-05,PAID_SOCIAL,8191.26,1
2025-10-05,Paid_Social,0.0,0
2025-10-05,REFERRAL,0.0,0
2025-10-05,Referral,0.0,0
2025-10-05,SEARCH,0.0,0
2025-10-05,Search,0.0,0
2025-10-05,email,99531.34,13
2025-10-05,organic,61651.85,10
2025-10-05,paid_social,115160.9,18
2025-10-05,referral,55405.57,8
2025-10-05,search,229481.36,31
2025-10-06,ORGANIC,0.0,0
2025-10-06,Organic,0.0,0
2025-10-06,PAID_SOCIAL,0.0,0
2025-10-06,Paid_Social,1583.1000000000001,1
2025-10-06,Referral,0.0,0
2025-10-06,SEARCH,0.0,0
2025-10-06,Search,0.0,0
2025-10-06,email,74203.77,13
2025-10-06,organic,62812.42,9
2025-10-06,paid_social,71080.76,10
2025-10-06,referral,37786.13,4
2025-10-06,search,241819.63999999998,37
2025-10-07,EMAIL,9625.380000000001,1
2025-10-07,Organic,0.0,0
2025-10-07,PAID_SOCIAL,0.0,0
2025-10-07,Paid_Social,0.0,0
2025-10-07,REFERRAL,0.0,0
2025-10-07,Referral,0.0,0
2025-10-07,SEARCH,0.0,0
2025-10-07,Search,0.0,0
2025-10-07,email,144296.92,19
2025-10-07,organic,70572.91,9
2025-10-07,paid_social,209777.82,25
2025-10-07,referral,106089.25,12
2025-10-07,search,188366.05,33
2025-10-08,EMAIL,0.0,0
2025-10-08,Email,0.0,0
2025-10-08,ORGANIC,0.0,0
2025-10-08,Organic,0.0,0
2025-10-08,PAID_SOCIAL,0.0,0
2025-10-08,Paid_Social,0.0,0
2025-10-08,Referral,0.0,0
2025-10-08,SEARCH,19388.61,1
2025-10-08,Search,0.0,0
2025-10-08,email,76057.65,12
2025-10-08,organic,34526.24,5
2025-10-08,paid_social,119068.05,16
2025-10-08,referral,50848.82,7
2025-10-08,search,151509.66,22
2025-10-09,EMAIL,13520.55,1
2025-10-09,Email,0.0,0
2025-10-09,ORGANIC,0.0,0
2025-10-09,Organic,0.0,0
2025-10-09,PAID_SOCIAL,0.0,0
2025-10-09,Paid_Social,0.0,0
2025-10-09,SEARCH,0.0,0
2025-10-09,Search,0.0,0
2025-10-09,email,76422.43,12
2025-10-09,organic,61937.47,9
2025-10-09,paid_social,113396.17,16
2025-10-09,referral,25429.01,3
2025-10-09,search,309773.4,37
2025-10-10,EMAIL,0.0,0
2025-10-10,ORGANIC,0.0,0
2025-10-10,Organic,0.0,0
2025-10-10,PAID_SOCIAL,0.0,0
2025-10-10,Paid_Social,0.0,0
2025-10-10,Referral,0.0,0
2025-10-10,SEARCH,0.0,0
2025-10-10,Search,3846.16,1
2025-10-10,email,95288.87,14
2025-10-10,organic,47663.07,8
2025-10-10,paid_social,68458.59,9
2025-10-10,referral,63526.28,12
2025-10-10,search,183601.67,27
2025-10-11,EMAIL,0.0,0
2025-10-11,Email,0.0,0
2025-10-11,ORGANIC,0.0,0
2025-10-11,Organic,0.0,0
2025-10-11,PAID_SOCIAL,0.0,0
2025-10-11,Paid_Social,0.0,0
2025-10-11,REFERRAL,0.0,0
2025-10-11,Referral,0.0,0
2025-10-11,SEARCH,0.0,0
2025-10-11,Search,0.0,0
2025-10-11,email,30977.56,4
2025-10-11,organic,62889.7,9
2025-10-11,paid_social,83305.89,13
2025-10-11,referral,16348.1,2
2025-10-11,search,182651.9,26
2025-10-12,EMAIL,0.0,0
2025-10-12,Email,0.0,0
2025-10-12,ORGANIC,0.0,0
2025-10-12,Organic,0.0,0
2025-10-12,PAID_SOCIAL,4174.11,1
2025-10-12,Paid_Social,0.0,0
2025-10-12,REFERRAL,0.0,0
2025-10-12,Referral,0.0,0
2025-10-12,SEARCH,0.0,0
2025-10-12,Search,0.0,0
2025-10-12,email,71791.42,14
2025-10-12,organic,87671.44,9
2025-10-12,paid_social,115079.97,14
2025-10-12,referral,37586.38,6
2025-10-12,search,184290.05,26
2025-10-13,EMAIL,0.0,0
2025-10-13,Email,0.0,0
2025-10-13,ORGANIC,0.0,0
2025-10-13,Organic,0.0,0
2025-10-13,PAID_SOCIAL,0.0,0
2025-10-13,Paid_Social,0.0,0
2025-10-13,REFERRAL,0.0,0
2025-10-13,SEARCH,0.0,0
2025-10-13,Search,0.0,0
2025-10-13,email,56094.64,10
2025-10-13,organic,54538.56,8
2025-10-13,paid_social,86963.28,12
2025-10-13,referral,44349.93,4
2025-10-13,search,248331.5,37
2025-10-14,EMAIL,0.0,0
2025-10-14,Email,0.0,0
2025-10-14,ORGANIC,0.0,0
2025-10-14,Organic,0.0,0
2025-10-14,PAID_SOCIAL,0.0,0
2025-10-14,Paid_Social,0.0,0
2025-10-14,Referral,0.0,0
2025-10-14,SEARCH,0.0,0
2025-10-14,Search,0.0,0
2025-10-14,email,58135.09,11
2025-10-14,organic,65079.96,10
2025-10-14,paid_social,54632.32,10
2025-10-14,referral,77174.22,12
2025-10-14,search,250270.41,33
2025-10-15,EMAIL,0.0,0
2025-10-15,Email,0.0,0
2025-10-15,ORGANIC,0.0,0
2025-10-15,Organic,0.0,0
2025-10-15,PAID_SOCIAL,0.0,0
2025-10-15,Paid_Social,0.0,0
2025-10-15,REFERRAL,0.0,0
2025-10-15,Referral,0.0,0
2025-10-15,SEARCH,0.0,0
2025-10-15,Search,0.0,0
2025-10-15,email,51461.96,8
2025-10-15,organic,61238.94,8
2025-10-15,paid_social,118320.94,21
2025-10-15,referral,63074.03,11
2025-10-15,search,173876.08,28
2025-10-16,EMAIL,0.0,0
2025-10-16,Email,0.0,0
2025-10-16,ORGANIC,6043.17,1
2025-10-16,Organic,0.0,0
2025-10-16,PAID_SOCIAL,0.0,0
2025-10-16,Paid_Social,0.0,0
2025-10-16,REFERRAL,0.0,0
2025-10-16,SEARCH,0.0,0
2025-10-16,Search,0.0,0
2025-10-16,email,101369.07,15
2025-10-16,organic,68327.62,12
2025-10-16,paid_social,78519.45999999999,13
2025-10-16,referral,35478.65,4
2025-10-16,search,197687.15,26
2025-10-17,EMAIL,0.0,0
2025-10-17,Email,0.0,0
2025-10-17,ORGANIC,0.0,0
2025-10-17,Organic,0.0,0
2025-10-17,PAID_SOCIAL,0.0,0
2025-10-17,Paid_Social,0.0,0
2025-10-17,REFERRAL,0.0,0
2025-10-17,Referral,0.0,0
2025-10-17,SEARCH,0.0,0
2025-10-17,Search,5726.49,1
2025-10-17,email,161971.89,18
2025-10-17,organic,42038.1,8
2025-10-17,paid_social,77978.0,14
2025-10-17,referral,37905.06,5
2025-10-17,search,166800.68,26
2025-10-18,Email,0.0,0
2025-10-18,ORGANIC,0.0,0
2025-10-18,Organic,0.0,0
2025-10-18,PAID_SOCIAL,0.0,0
2025-10-18,Paid_Social,0.0,0
2025-10-18,Referral,0.0,0
2025-10-18,SEARCH,0.0,0
2025-10-18,Search,0.0,0
2025-10-18,email,97582.95,10
2025-10-18,organic,105943.02,16
2025-10-18,paid_social,142352.1,22
2025-10-18,referral,57494.22,7
2025-10-18,search,240992.92,31
2025-10-19,EMAIL,0.0,0
2025-10-19,Email,0.0,0
2025-10-19,ORGANIC,0.0,0
2025-10-19,Organic,0.0,0
2025-10-19,PAID_SOCIAL,0.0,0
2025-10-19,Paid_Social,0.0,0
2025-10-19,REFERRAL,0.0,0
2025-10-19,Referral,0.0,0
2025-10-19,SEARCH,0.0,0
2025-10-19,Search,0.0,0
2025-10-19,email,125037.99,18
2025-10-19,organic,66025.05,9
2025-10-19,paid_social,92423.26,16
2025-10-19,referral,0.0,0
2025-10-19,search,192420.45,28
2025-10-20,EMAIL,0.0,0
2025-10-20,Email,0.0,0
2025-10-20,ORGANIC,0.0,0
2025-10-20,PAID_SOCIAL,0.0,0
2025-10-20,Paid_Social,0.0,0
2025-10-20,REFERRAL,0.0,0
2025-10-20,Referral,0.0,0
2025-10-20,SEARCH,0.0,0
2025-10-20,Search,11351.869999999999,1
2025-10-20,email,77898.25,13
2025-10-20,organic,38887.28,6
2025-10-20,paid_social,64211.66,14
2025-10-20,referral,17254.38,3
2025-10-20,search,193299.41999999998,26
2025-10-21,ORGANIC,0.0,0
2025-10-21,Organic,0.0,0
2025-10-21,PAID_SOCIAL,0.0,0
2025-10-21,Paid_Social,0.0,0
2025-10-21,REFERRAL,0.0,0
2025-10-21,Referral,4279.3,1
2025-10-21,SEARCH,0.0,0
2025-10-21,Search,0.0,0
2025-10-21,email,56824.08,7
2025-10-21,organic,60226.55,7
2025-10-21,paid_social,107130.28,19
2025-10-21,referral,15094.73,3
2025-10-21,search,170203.6,29
2025-10-22,EMAIL,0.0,0
2025-10-22,Email,0.0,0
2025-10-22,ORGANIC,0.0,0
2025-10-22,Organic,0.0,0
2025-10-22,PAID_SOCIAL,0.0,0
2025-10-22,Paid_Social,0.0,0
2025-10-22,Referral,0.0,0
2025-10-22,SEARCH,0.0,0
2025-10-22,Search,0.0,0
2025-10-22,email,101092.15,15
2025-10-22,organic,62591.200000000004,7
2025-10-22,paid_social,72924.65,8
2025-10-22,referral,19242.350000000002,6
2025-10-22,search,192527.73,26
2025-10-23,EMAIL,0.0,0
2025-10-23,Email,0.0,0
2025-10-23,ORGANIC,0.0,0
2025-10-23,Organic,0.0,0
2025-10-23,PAID_SOCIAL,0.0,0
2025-10-23,Paid_Social,0.0,0
2025-10-23,REFERRAL,0.0,0
2025-10-23,Referral,0.0,0
2025-10-23,SEARCH,0.0,0
2025-10-23,Search,0.0,0
2025-10-23,email,131287.71,29
2025-10-23,organic,46478.14,6
2025-10-23,paid_social,67884.83,16
2025-10-23,referral,49571.05,7
2025-10-23,search,177893.81,28
2025-10-24,EMAIL,0.0,0
2025-10-24,Email,0.0,0
2025-10-24,Organic,0.0,0
2025-10-24,PAID_SOCIAL,10327.119999999999,1
2025-10-24,Paid_Social,0.0,0
2025-10-24,REFERRAL,8563.97,1
2025-10-24,SEARCH,0.0,0
2025-10-24,Search,0.0,0
2025-10-24,email,66313.31,14
2025-10-24,organic,38871.7,6
2025-10-24,paid_social,97195.18,16
2025-10-24,referral,44628.32,6
2025-10-24,search,214664.13,30
2025-10-25,EMAIL,0.0,0
2025-10-25,Email,0.0,0
2025-10-25,ORGANIC,0.0,0
2025-10-25,Organic,0.0,0
2025-10-25,PAID_SOCIAL,11232.26,1
2025-10-25,Paid_Social,0.0,0
2025-10-25,Referral,0.0,0
2025-10-25,SEARCH,0.0,0
2025-10-25,Search,0.0,0
2025-10-25,email,103985.11,13
2025-10-25,organic,42524.88,7
2025-10-25,paid_social,90117.31,13
2025-10-25,referral,10117.619999999999,4
2025-10-25,search,256062.08,31
2025-10-26,EMAIL,0.0,0
2025-10-26,Email,0.0,0
2025-10-26,ORGANIC,0.0,0
2025-10-26,Organic,0.0,0
2025-10-26,PAID_SOCIAL,0.0,0
2025-10-26,Paid_Social,0.0,0
2025-10-26,REFERRAL,0.0,0
2025-10-26,Referral,0.0,0
2025-10-26,SEARCH,0.0,0
2025-10-26,Search,0.0,0
2025-10-26,email,102149.57,15
2025-10-26,organic,52848.53,8
2025-10-26,paid_social,105100.28,17
2025-10-26,referral,42856.89,6
2025-10-26,search,291940.11,36
2025-10-27,EMAIL,3021.75,1
2025-10-27,Email,0.0,0
2025-10-27,ORGANIC,10133.029999999999,1
2025-10-27,Organic,0.0,0
2025-10-27,PAID_SOCIAL,0.0,0
2025-10-27,Paid_Social,0.0,0
2025-10-27,REFERRAL,0.0,0
2025-10-27,Referral,0.0,0
2025-10-27,SEARCH,0.0,0
2025-10-27,Search,0.0,0
2025-10-27,email,164611.73,29
2025-10-27,organic,130233.09,21
2025-10-27,paid_social,112402.43000000001,17
2025-10-27,referral,20903.68,5
2025-10-27,search,327669.35,35
2025-10-28,EMAIL,0.0,0
2025-10-28,Email,0.0,0
2025-10-28,ORGANIC,0.0,0
2025-10-28,Organic,0.0,0
2025-10-28,PAID_SOCIAL,0.0,0
2025-10-28,Paid_Social,0.0,0
2025-10-28,REFERRAL,0.0,0
2025-10-28,Referral,0.0,0
2025-10-28,SEARCH,5807.81,1
2025-10-28,Search,0.0,0
2025-10-28,email,75909.81,9
2025-10-28,organic,29833.32,4
2025-10-28,paid_social,118959.72,16
2025-10-28,referral,19957.72,5
2025-10-28,search,239677.2,30
2025-10-29,EMAIL,0.0,0
2025-10-29,Email,0.0,0
2025-10-29,ORGANIC,0.0,0
2025-10-29,Organic,0.0,0
2025-10-29,Paid_Social,0.0,0
2025-10-29,REFERRAL,0.0,0
2025-10-29,Referral,13534.619999999999,1
2025-10-29,SEARCH,0.0,0
2025-10-29,Search,0.0,0
2025-10-29,email,70350.18,12
2025-10-29,organic,45908.3,8
2025-10-29,paid_social,99580.85,20
2025-10-29,referral,51780.45,6
2025-10-29,search,259339.2,35
2025-10-30,EMAIL,0.0,0
2025-10-30,Email,0.0,0
2025-10-30,ORGANIC,0.0,0
2025-10-30,Organic,0.0,0
2025-10-30,PAID_SOCIAL,0.0,0
2025-10-30,Paid_Social,0.0,0
2025-10-30,REFERRAL,3450.57,1
2025-10-30,Referral,0.0,0
2025-10-30,SEARCH,0.0,0
2025-10-30,Search,0.0,0
2025-10-30,email,65685.49,10
2025-10-30,organic,46226.29,7
2025-10-30,paid_social,72783.0,16
2025-10-30,referral,21064.18,3
2025-10-30,search,186786.24,33
2025-10-31,EMAIL,0.0,0
2025-10-31,Email,0.0,0
2025-10-31,ORGANIC,0.0,0
2025-10-31,Organic,0.0,0
2025-10-31,PAID_SOCIAL,0.0,0
2025-10-31,Paid_Social,0.0,0
2025-10-31,REFERRAL,0.0,0
2025-10-31,SEARCH,0.0,0
2025-10-31,Search,0.0,0
2025-10-31,email,53675.65,10
2025-10-31,organic,51763.47,9
2025-10-31,paid_social,111155.13,17
2025-10-31,referral,43671.93,5
2025-10-31,search,215554.56,29
2025-11-01,EMAIL,4590.49,1
2025-11-01,Email,0.0,0
2025-11-01,ORGANIC,0.0,0
2025-11-01,Organic,0.0,0
2025-11-01,PAID_SOCIAL,0.0,0
2025-11-01,Paid_Social,0.0,0
2025-11-01,REFERRAL,0.0,0
2025-11-01,Referral,0.0,0
2025-11-01,SEARCH,6873.84,1
2025-11-01,Search,0.0,0
2025-11-01,email,111028.31,17
2025-11-01,organic,60981.95,12
2025-11-01,paid_social,83153.49,13
2025-11-01,referral,46608.08,7
2025-11-01,search,241036.13999999998,38
2025-11-02,EMAIL,0.0,0
2025-11-02,Email,0.0,0
2025-11-02,ORGANIC,0.0,0
2025-11-02,PAID_SOCIAL,0.0,0
2025-11-02,Paid_Social,0.0,0
2025-11-02,REFERRAL,0.0,0
2025-11-02,Referral,0.0,0
2025-11-02,SEARCH,0.0,0
2025-11-02,Search,0.0,0
2025-11-02,email,181744.41,27
2025-11-02,organic,100982.97,16
2025-11-02,paid_social,115117.45,19
2025-11-02,referral,69592.56,12
2025-11-02,search,296244.94,38
2025-11-03,EMAIL,0.0,0
2025-11-03,Email,0.0,0
2025-11-03,ORGANIC,0.0,0
2025-11-03,Organic,2631.1,1
2025-11-03,PAID_SOCIAL,0.0,0
2025-11-03,Paid_Social,0.0,0
2025-11-03,SEARCH,0.0,0
2025-11-03,Search,0.0,0
2025-11-03,email,118499.93000000001,13
2025-11-03,organic,120469.56,19
2025-11-03,paid_social,142983.39,18
2025-11-03,referral,47095.6,8
2025-11-03,search,159008.75,29
2025-11-04,EMAIL,0.0,0
2025-11-04,Email,0.0,0
2025-11-04,ORGANIC,0.0,0
2025-11-04,Organic,0.0,0
2025-11-04,PAID_SOCIAL,0.0,0
2025-11-04,Paid_Social,0.0,0
2025-11-04,REFERRAL,0.0,0
2025-11-04,SEARCH,0.0,0
2025-11-04,Search,14658.88,2
2025-11-04,email,47020.67,8
2025-11-04,organic,78051.47,13
2025-11-04,paid_social,131040.18000000001,22
2025-11-04,referral,98035.02,16
2025-11-04,search,292176.25,36
2025-11-05,Email,0.0,0
2025-11-05,PAID_SOCIAL,0.0,0
2025-11-05,Paid_Social,0.0,0
2025-11-05,SEARCH,0.0,0
2025-11-05,Search,834.57,1
2025-11-05,email,86402.78,11
2025-11-05,organic,32472.600000000002,6
2025-11-05,paid_social,93719.45,16
2025-11-05,referral,43661.33,7
2025-11-05,search,229327.88999999998,37
2025-11-06,EMAIL,0.0,0
2025-11-06,Email,0.0,0
2025-11-06,ORGANIC,0.0,0
2025-11-06,Organic,0.0,0
2025-11-06,PAID_SOCIAL,0.0,0
2025-11-06,Paid_Social,0.0,0
2025-11-06,REFERRAL,0.0,0
2025-11-06,SEARCH,0.0,0
2025-11-06,Search,0.0,0
2025-11-06,email,161748.29,23
2025-11-06,organic,109018.4,16
2025-11-06,paid_social,121281.19,26
2025-11-06,referral,11299.03,3
2025-11-06,search,272563.05,36
2025-11-07,EMAIL,0.0,0
2025-11-07,ORGANIC,0.0,0
2025-11-07,Organic,0.0,0
2025-11-07,PAID_SOCIAL,3939.54,1
2025-11-07,Paid_Social,2747.3999999999996,1
2025-11-07,Referral,0.0,0
2025-11-07,SEARCH,0.0,0
2025-11-07,Search,0.0,0
2025-11-07,email,256754.17,31
2025-11-07,organic,70230.53,13
2025-11-07,paid_social,176376.19,28
2025-11-07,referral,86883.44,13
2025-11-07,search,179376.46,27
2025-11-08,EMAIL,0.0,0
2025-11-08,Email,12580.16,1
2025-11-08,ORGANIC,0.0,0
2025-11-08,Organic,0.0,0
2025-11-08,PAID_SOCIAL,0.0,0
2025-11-08,Paid_Social,0.0,0
2025-11-08,Referral,0.0,0
2025-11-08,SEARCH,0.0,0
2025-11-08,Search,0.0,0
2025-11-08,email,64274.56,12
2025-11-08,organic,57810.54,9
2025-11-08,paid_social,138273.57,18
2025-11-08,referral,25398.9,6
2025-11-08,search,286094.08,34
2025-11-09,EMAIL,0.0,0
2025-11-09,Email,0.0,0
2025-11-09,ORGANIC,0.0,0
2025-11-09,Organic,0.0,0
2025-11-09,PAID_SOCIAL,0.0,0
2025-11-09,Paid_Social,0.0,0
2025-11-09,REFERRAL,0.0,0
2025-11-09,Referral,0.0,0
2025-11-09,SEARCH,0.0,0
2025-11-09,Search,0.0,0
2025-11-09,email,99749.46,16
2025-11-09,organic,48341.81,9
2025-11-09,paid_social,126250.42,24
2025-11-09,referral,59648.11,8
2025-11-09,search,214718.7,32
2025-11-10,EMAIL,0.0,0
2025-11-10,Email,0.0,0
2025-11-10,ORGANIC,0.0,0
2025-11-10,Organic,0.0,0
2025-11-10,PAID_SOCIAL,0.0,0
2025-11-10,Paid_Social,0.0,0
2025-11-10,Referral,0.0,0
2025-11-10,SEARCH,0.0,0
2025-11-10,Search,0.0,0
2025-11-10,email,60637.09,13
2025-11-10,organic,58460.79,9
2025-11-10,paid_social,118153.65,18
2025-11-10,referral,38296.78,7
2025-11-10,search,210305.04,32
2025-11-11,EMAIL,0.0,0
2025-11-11,Email,0.0,0
2025-11-11,ORGANIC,0.0,0
2025-11-11,Organic,0.0,0
2025-11-11,PAID_SOCIAL,0.0,0
2025-11-11,Paid_Social,0.0,0
2025-11-11,REFERRAL,0.0,0
2025-11-11,Referral,0.0,0
2025-11-11,SEARCH,0.0,0
2025-11-11,Search,7390.98,1
2025-11-11,email,59443.950000000004,8
2025-11-11,organic,84976.94,10
2025-11-11,paid_social,138745.99,22
2025-11-11,referral,62031.64,6
2025-11-11,search,185286.95,30
2025-11-12,Email,0.0,0
2025-11-12,ORGANIC,0.0,0
2025-11-12,Organic,0.0,0
2025-11-12,PAID_SOCIAL,1882.14,1
2025-11-12,Paid_Social,0.0,0
2025-11-12,Referral,0.0,0
2025-11-12,SEARCH,2603.32,1
2025-11-12,Search,0.0,0
2025-11-12,email,57318.33,11
2025-11-12,organic,16876.379999999997,3
2025-11-12,paid_social,100675.04,16
2025-11-12,referral,61012.23,9
2025-11-12,search,220974.25,30
2025-11-13,EMAIL,0.0,0
2025-11-13,Email,0.0,0
2025-11-13,ORGANIC,0.0,0
2025-11-13,Organic,0.0,0
2025-11-13,PAID_SOCIAL,0.0,0
2025-11-13,Paid_Social,0.0,0
2025-11-13,REFERRAL,0.0,0
2025-11-13,Referral,12760.85,1
2025-11-13,SEARCH,0.0,0
2025-11-13,Search,0.0,0
2025-11-13,email,108115.65,13
2025-11-13,organic,43879.76,7
2025-11-13,paid_social,71939.93,11
2025-11-13,referral,31586.92,4
2025-11-13,search,278338.29,33
2025-11-14,EMAIL,0.0,0
2025-11-14,Email,0.0,0
2025-11-14,ORGANIC,6990.969999999999,1
2025-11-14,Organic,0.0,0
2025-11-14,PAID_SOCIAL,0.0,0
2025-11-14,Paid_Social,0.0,0
2025-11-14,Referral,0.0,0
2025-11-14,SEARCH,0.0,0
2025-11-14,Search,0.0,0
2025-11-14,email,26223.81,5
2025-11-14,organic,54677.5,5
2025-11-14,paid_social,67363.93,11
2025-11-14,referral,37516.92,5
2025-11-14,search,348569.06,43
2025-11-15,EMAIL,0.0,0
2025-11-15,Email,0.0,0
2025-11-15,ORGANIC,0.0,0
2025-11-15,Organic,0.0,0
2025-11-15,PAID_SOCIAL,0.0,0
2025-11-15,Paid_Social,0.0,0
2025-11-15,SEARCH,0.0,0
2025-11-15,Search,0.0,0
2025-11-15,email,65353.55,9
2025-11-15,organic,23342.39,3
2025-11-15,paid_social,66245.25,10
2025-11-15,referral,2562.15,1
2025-11-15,search,245507.03,33
2025-11-16,Email,0.0,0
2025-11-16,ORGANIC,0.0,0
2025-11-16,Organic,0.0,0
2025-11-16,PAID_SOCIAL,0.0,0
2025-11-16,Paid_Social,8891.01,1
2025-11-16,REFERRAL,0.0,0
2025-11-16,Referral,0.0,0
2025-11-16,SEARCH,0.0,0
2025-11-16,Search,0.0,0
2025-11-16,email,127634.48,17
2025-11-16,organic,71239.59,13
2025-11-16,paid_social,93874.28,14
2025-11-16,referral,88548.08,13
2025-11-16,search,199572.72,32
2025-11-17,EMAIL,0.0,0
2025-11-17,ORGANIC,0.0,0
2025-11-17,Organic,273.58,1
2025-11-17,PAID_SOCIAL,0.0,0
2025-11-17,Paid_Social,0.0,0
2025-11-17,Referral,0.0,0
2025-11-17,SEARCH,0.0,0
2025-11-17,Search,0.0,0
2025-11-17,email,68287.46,11
2025-11-17,organic,67780.72,12
2025-11-17,paid_social,123219.36,14
2025-11-17,referral,78876.11,10
2025-11-17,search,239642.88,30
2025-11-18,EMAIL,0.0,0
2025-11-18,Email,0.0,0
2025-11-18,ORGANIC,0.0,0
2025-11-18,Organic,0.0,0
2025-11-18,PAID_SOCIAL,0.0,0
2025-11-18,Paid_Social,0.0,0
2025-11-18,REFERRAL,0.0,0
2025-11-18,SEARCH,0.0,0
2025-11-18,Search,0.0,0
2025-11-18,email,109594.83,15
2025-11-18,organic,90710.0,13
2025-11-18,paid_social,59664.31,11
2025-11-18,referral,51214.48,6
2025-11-18,search,239210.28,39
2025-11-19,EMAIL,0.0,0
2025-11-19,Email,0.0,0
2025-11-19,ORGANIC,0.0,0
2025-11-19,Organic,0.0,0
2025-11-19,PAID_SOCIAL,0.0,0
2025-11-19,Paid_Social,0.0,0
2025-11-19,REFERRAL,12579.38,1
2025-11-19,Referral,0.0,0
2025-11-19,SEARCH,5809.86,1
2025-11-19,Search,3876.54,1
2025-11-19,email,163662.57,22
2025-11-19,organic,52822.1,9
2025-11-19,paid_social,94806.04,13
2025-11-19,referral,37389.5,7
2025-11-19,search,196499.08,30
2025-11-20,EMAIL,0.0,0
2025-11-20,Email,0.0,0
2025-11-20,ORGANIC,0.0,0
2025-11-20,Organic,0.0,0
2025-11-20,PAID_SOCIAL,0.0,0
2025-11-20,Paid_Social,0.0,0
2025-11-20,Referral,0.0,0
2025-11-20,SEARCH,0.0,0
2025-11-20,Search,0.0,0
2025-11-20,email,69005.37,12
2025-11-20,organic,53893.46,8
2025-11-20,paid_social,38716.92,11
2025-11-20,referral,35303.63,5
2025-11-20,search,236825.7,27
2025-11-21,EMAIL,2590.5299999999997,1
2025-11-21,Email,856.36,1
2025-11-21,ORGANIC,0.0,0
2025-11-21,Organic,0.0,0
2025-11-21,PAID_SOCIAL,0.0,0
2025-11-21,Paid_Social,0.0,0
2025-11-21,Referral,0.0,0
2025-11-21,SEARCH,0.0,0
2025-11-21,Search,0.0,0
2025-11-21,email,39342.729999999996,8
2025-11-21,organic,90782.51,12
2025-11-21,paid_social,38089.5,8
2025-11-21,referral,15395.91,3
2025-11-21,search,216647.85,25
2025-11-22,EMAIL,0.0,0
2025-11-22,Email,0.0,0
2025-11-22,ORGANIC,0.0,0
2025-11-22,Organic,0.0,0
2025-11-22,PAID_SOCIAL,0.0,0
2025-11-22,Paid_Social,0.0,0
2025-11-22,SEARCH,0.0,0
2025-11-22,Search,0.0,0
2025-11-22,email,105408.75,14
2025-11-22,organic,56485.950000000004,9
2025-11-22,paid_social,199950.53,26
2025-11-22,referral,78162.14,8
2025-11-22,search,244145.24,37
2025-11-23,EMAIL,0.0,0
2025-11-23,Email,7774.33,1
2025-11-23,ORGANIC,0.0,0
2025-11-23,Organic,0.0,0
2025-11-23,PAID_SOCIAL,0.0,0
2025-11-23,Paid_Social,0.0,0
2025-11-23,REFERRAL,0.0,0
2025-11-23,Referral,5934.07,1
2025-11-23,SEARCH,0.0,0
2025-11-23,Search,3012.39,1
2025-11-23,email,155912.68,19
2025-11-23,organic,49793.35,9
2025-11-23,paid_social,93550.12,16
2025-11-23,referral,61150.409999999996,6
2025-11-23,search,194893.83,25
2025-11-24,EMAIL,0.0,0
2025-11-24,ORGANIC,0.0,0
2025-11-24,Organic,0.0,0
2025-11-24,PAID_SOCIAL,0.0,0
2025-11-24,Paid_Social,0.0,0
2025-11-24,REFERRAL,0.0,0
2025-11-24,Referral,0.0,0
2025-11-24,SEARCH,0.0,0
2025-11-24,Search,0.0,0
2025-11-24,email,72044.51,10
2025-11-24,organic,43306.38,12
2025-11-24,paid_social,102730.49,18
2025-11-24,referral,37351.729999999996,5
2025-11-24,search,211581.37,28
2025-11-25,Email,0.0,0
2025-11-25,ORGANIC,0.0,0
2025-11-25,Organic,0.0,0
2025-11-25,PAID_SOCIAL,0.0,0
2025-11-25,Paid_Social,0.0,0
2025-11-25,REFERRAL,0.0,0
2025-11-25,Referral,0.0,0
2025-11-25,SEARCH,0.0,0
2025-11-25,Search,3948.5,1
2025-11-25,email,24388.49,8
2025-11-25,organic,113739.44,17
2025-11-25,paid_social,95694.19,15
2025-11-25,referral,28948.71,5
2025-11-25,search,173186.86,26
2025-11-26,EMAIL,0.0,0
2025-11-26,Email,0.0,0
2025-11-26,ORGANIC,0.0,0
2025-11-26,Organic,8337.43,1
2025-11-26,PAID_SOCIAL,0.0,0
2025-11-26,Paid_Social,0.0,0
2025-11-26,REFERRAL,0.0,0
2025-11-26,SEARCH,0.0,0
2025-11-26,Search,0.0,0
2025-11-26,email,109073.51,15
2025-11-26,organic,38463.28,4
2025-11-26,paid_social,127319.31999999999,20
2025-11-26,referral,45762.18,6
2025-11-26,search,213304.39,29
2025-11-27,EMAIL,0.0,0
2025-11-27,Organic,0.0,0
2025-11-27,PAID_SOCIAL,0.0,0
2025-11-27,Paid_Social,0.0,0
2025-11-27,REFERRAL,0.0,0
2025-11-27,Referral,0.0,0
2025-11-27,SEARCH,0.0,0
2025-11-27,Search,0.0,0
2025-11-27,email,140653.6,19
2025-11-27,organic,37414.73,6
2025-11-27,paid_social,93708.46,14
2025-11-27,referral,36892.92,5
2025-11-27,search,283139.9,41
2025-11-28,EMAIL,0.0,0
2025-11-28,ORGANIC,0.0,0
2025-11-28,Organic,0.0,0
2025-11-28,PAID_SOCIAL,0.0,0
2025-11-28,Paid_Social,0.0,0
2025-11-28,Referral,0.0,0
2025-11-28,SEARCH,0.0,0
2025-11-28,Search,0.0,0
2025-11-28,email,93992.6,12
2025-11-28,organic,37260.06,6
2025-11-28,paid_social,75278.52,14
2025-11-28,referral,100200.89,13
2025-11-28,search,270024.02999999997,34
2025-11-29,EMAIL,0.0,0
2025-11-29,ORGANIC,0.0,0
2025-11-29,Organic,0.0,0
2025-11-29,PAID_SOCIAL,0.0,0
2025-11-29,Paid_Social,0.0,0
2025-11-29,Referral,0.0,0
2025-11-29,SEARCH,0.0,0
2025-11-29,Search,0.0,0
2025-11-29,email,135541.26,15
2025-11-29,organic,45324.19,8
2025-11-29,paid_social,69863.09,13
2025-11-29,referral,55418.58,11
2025-11-29,search,363817.48,46
2025-11-30,EMAIL,0.0,0
2025-11-30,Email,0.0,0
2025-11-30,ORGANIC,0.0,0
2025-11-30,PAID_SOCIAL,0.0,0
2025-11-30,Paid_Social,0.0,0
2025-11-30,Referral,0.0,0
2025-11-30,SEARCH,0.0,0
2025-11-30,Search,0.0,0
2025-11-30,email,79709.11,12
2025-11-30,organic,53477.65,11
2025-11-30,paid_social,98456.58,18
2025-11-30,referral,61124.65,8
2025-11-30,search,307264.07,41
2025-12-01,Email,0.0,0
2025-12-01,ORGANIC,0.0,0
2025-12-01,Organic,0.0,0
2025-12-01,PAID_SOCIAL,0.0,0
2025-12-01,Paid_Social,0.0,0
2025-12-01,REFERRAL,0.0,0
2025-12-01,Referral,0.0,0
2025-12-01,SEARCH,0.0,0
2025-12-01,Search,9814.560000000001,1
2025-12-01,email,66009.29,13
2025-12-01,organic,81064.15,17
2025-12-01,paid_social,75374.92,12
2025-12-01,referral,63324.259999999995,10
2025-12-01,search,244655.65,34
2025-12-02,EMAIL,0.0,0
2025-12-02,ORGANIC,0.0,0
2025-12-02,Organic,0.0,0
2025-12-02,PAID_SOCIAL,0.0,0
2025-12-02,Paid_Social,0.0,0
2025-12-02,SEARCH,0.0,0
2025-12-02,Search,0.0,0
2025-12-02,email,150391.94,20
2025-12-02,organic,52773.47,7
2025-12-02,paid_social,41013.53,7
2025-12-02,referral,49687.369999999995,6
2025-12-02,search,156378.96,21
2025-12-03,EMAIL,0.0,0
2025-12-03,ORGANIC,0.0,0
2025-12-03,Organic,0.0,0
2025-12-03,PAID_SOCIAL,0.0,0
2025-12-03,Paid_Social,0.0,0
2025-12-03,REFERRAL,0.0,0
2025-12-03,SEARCH,0.0,0
2025-12-03,Search,0.0,0
2025-12-03,email,103873.2,17
2025-12-03,organic,36016.53,6
2025-12-03,paid_social,126999.1,17
2025-12-03,referral,40248.06,4
2025-12-03,search,135598.25,21
2025-12-04,ORGANIC,0.0,0
2025-12-04,Organic,0.0,0
2025-12-04,PAID_SOCIAL,0.0,0
2025-12-04,Paid_Social,0.0,0
2025-12-04,REFERRAL,0.0,0
2025-12-04,Referral,0.0,0
2025-12-04,SEARCH,0.0,0
2025-12-04,Search,1268.11,1
2025-12-04,email,64837.43,10
2025-12-04,organic,55427.09,11
2025-12-04,paid_social,136923.87,24
2025-12-04,referral,57717.9,10
2025-12-04,search,245347.5,32
2025-12-05,Email,0.0,0
2025-12-05,ORGANIC,0.0,0
2025-12-05,Organic,0.0,0
2025-12-05,PAID_SOCIAL,0.0,0
2025-12-05,Paid_Social,0.0,0
2025-12-05,Referral,0.0,0
2025-12-05,SEARCH,2977.41,1
2025-12-05,Search,0.0,0
2025-12-05,email,33033.19,3
2025-12-05,organic,65965.67,11
2025-12-05,paid_social,85467.75,17
2025-12-05,referral,45627.0,8
2025-12-05,search,238017.07,30
2025-12-06,EMAIL,0.0,0
2025-12-06,Email,0.0,0
2025-12-06,ORGANIC,0.0,0
2025-12-06,Organic,0.0,0
2025-12-06,PAID_SOCIAL,0.0,0
2025-12-06,Paid_Social,0.0,0
2025-12-06,REFERRAL,0.0,0
2025-12-06,Referral,0.0,0
2025-12-06,SEARCH,0.0,0
2025-12-06,Search,0.0,0
2025-12-06,email,83306.93000000001,15
2025-12-06,organic,101754.31999999999,13
2025-12-06,paid_social,101324.06,15
2025-12-06,referral,45685.86,7
2025-12-06,search,317669.57,38
2025-12-07,EMAIL,0.0,0
2025-12-07,ORGANIC,0.0,0
2025-12-07,Organic,0.0,0
2025-12-07,PAID_SOCIAL,0.0,0
2025-12-07,Paid_Social,0.0,0
2025-12-07,SEARCH,0.0,0
2025-12-07,Search,0.0,0
2025-12-07,email,161032.98,22
2025-12-07,organic,94145.99,14
2025-12-07,paid_social,46115.29,9
2025-12-07,referral,59295.21,8
2025-12-07,search,241822.27,32
2025-12-08,EMAIL,12245.75,1
2025-12-08,ORGANIC,0.0,0
2025-12-08,Organic,0.0,0
2025-12-08,PAID_SOCIAL,4060.63,1
2025-12-08,Paid_Social,0.0,0
2025-12-08,REFERRAL,0.0,0
2025-12-08,Referral,0.0,0
2025-12-08,SEARCH,0.0,0
2025-12-08,Search,13770.220000000001,1
2025-12-08,email,117608.49,20
2025-12-08,organic,29109.710000000003,5
2025-12-08,paid_social,151142.81,20
2025-12-08,referral,87274.45,11
2025-12-08,search,245296.19999999998,32
2025-12-09,EMAIL,0.0,0
2025-12-09,Email,0.0,0
2025-12-09,ORGANIC,0.0,0
2025-12-09,Organic,0.0,0
2025-12-09,PAID_SOCIAL,0.0,0
2025-12-09,Paid_Social,0.0,0
2025-12-09,REFERRAL,6116.49,1
2025-12-09,SEARCH,0.0,0
2025-12-09,Search,0.0,0
2025-12-09,email,106337.79,17
2025-12-09,organic,35912.01,7
2025-12-09,paid_social,82969.0,16
2025-12-09,referral,24775.710000000003,3
2025-12-09,search,184187.23,27
2025-12-10,EMAIL,0.0,0
2025-12-10,Email,2468.5,1
2025-12-10,ORGANIC,1625.5,1
2025-12-10,Organic,0.0,0
2025-12-10,PAID_SOCIAL,0.0,0
2025-12-10,Paid_Social,0.0,0
2025-12-10,SEARCH,0.0,0
2025-12-10,Search,3091.47,1
2025-12-10,email,91172.31,12
2025-12-10,organic,45623.95,8
2025-12-10,paid_social,113993.73,17
2025-12-10,referral,28334.649999999998,5
2025-12-10,search,241936.38999999998,32
2025-12-11,EMAIL,0.0,0
2025-12-11,Email,0.0,0
2025-12-11,ORGANIC,0.0,0
2025-12-11,Organic,0.0,0
2025-12-11,PAID_SOCIAL,0.0,0
2025-12-11,Paid_Social,0.0,0
2025-12-11,REFERRAL,0.0,0
2025-12-11,Referral,0.0,0
2025-12-11,SEARCH,0.0,0
2025-12-11,Search,0.0,0
2025-12-11,email,136259.06,15
2025-12-11,organic,61738.35,11
2025-12-11,paid_social,76683.77,17
2025-12-11,referral,21494.44,4
2025-12-11,search,164050.29,24
2025-12-12,Email,0.0,0
2025-12-12,ORGANIC,0.0,0
2025-12-12,Organic,0.0,0
2025-12-12,PAID_SOCIAL,0.0,0
2025-12-12,Paid_Social,0.0,0
2025-12-12,REFERRAL,0.0,0
2025-12-12,Referral,0.0,0
2025-12-12,SEARCH,0.0,0
2025-12-12,Search,0.0,0
2025-12-12,email,134491.82,14
2025-12-12,organic,68751.53,10
2025-12-12,paid_social,70466.15,14
2025-12-12,referral,63953.65,10
2025-12-12,search,207794.43,29
2025-12-13,ORGANIC,0.0,0
2025-12-13,Organic,0.0,0
2025-12-13,PAID_SOCIAL,0.0,0
2025-12-13,Paid_Social,0.0,0
2025-12-13,REFERRAL,0.0,0
2025-12-13,SEARCH,0.0,0
2025-12-13,Search,0.0,0
2025-12-13,email,49396.35,8
2025-12-13,organic,70467.99,11
2025-12-13,paid_social,155342.94,20
2025-12-13,referral,57772.96,8
2025-12-13,search,339032.77999999997,44
2025-12-14,EMAIL,0.0,0
2025-12-14,Email,0.0,0
2025-12-14,ORGANIC,0.0,0
2025-12-14,Organic,0.0,0
2025-12-14,PAID_SOCIAL,0.0,0
2025-12-14,Paid_Social,0.0,0
2025-12-14,REFERRAL,0.0,0
2025-12-14,Referral,0.0,0
2025-12-14,SEARCH,0.0,0
2025-12-14,Search,0.0,0
2025-12-14,email,97826.72,14
2025-12-14,organic,80247.39,10
2025-12-14,paid_social,97189.94,17
2025-12-14,referral,22887.24,4
2025-12-14,search,236744.76,36
2025-12-15,EMAIL,0.0,0
2025-12-15,Email,0.0,0
2025-12-15,Organic,0.0,0
2025-12-15,PAID_SOCIAL,0.0,0
2025-12-15,Paid_Social,0.0,0
2025-12-15,REFERRAL,0.0,0
2025-12-15,Referral,0.0,0
2025-12-15,SEARCH,0.0,0
2025-12-15,Search,0.0,0
2025-12-15,email,109478.45,12
2025-12-15,organic,30712.99,7
2025-12-15,paid_social,151758.0,20
2025-12-15,referral,46406.159999999996,6
2025-12-15,search,260154.6,31
2025-12-16,Email,0.0,0
2025-12-16,ORGANIC,0.0,0
2025-12-16,Organic,0.0,0
2025-12-16,PAID_SOCIAL,0.0,0
2025-12-16,Paid_Social,0.0,0
2025-12-16,SEARCH,0.0,0
2025-12-16,Search,0.0,0
2025-12-16,email,56438.78,10
2025-12-16,organic,74009.16,12
2025-12-16,paid_social,85456.1,12
2025-12-16,referral,16742.66,4
2025-12-16,search,162329.88,30
2025-12-17,EMAIL,0.0,0
2025-12-17,Email,0.0,0
2025-12-17,ORGANIC,0.0,0
2025-12-17,Organic,0.0,0
2025-12-17,PAID_SOCIAL,0.0,0
2025-12-17,Paid_Social,0.0,0
2025-12-17,REFERRAL,0.0,0
2025-12-17,SEARCH,0.0,0
2025-12-17,Search,0.0,0
2025-12-17,email,69970.53,11
2025-12-17,organic,55073.24,6
2025-12-17,paid_social,96896.8,16
2025-12-17,referral,26335.690000000002,5
2025-12-17,search,164607.71,26
2025-12-18,EMAIL,0.0,0
2025-12-18,ORGANIC,0.0,0
2025-12-18,Organic,0.0,0
2025-12-18,PAID_SOCIAL,0.0,0
2025-12-18,Paid_Social,0.0,0
2025-12-18,REFERRAL,0.0,0
2025-12-18,SEARCH,0.0,0
2025-12-18,Search,0.0,0
2025-12-18,email,61028.51,7
2025-12-18,organic,63772.02,11
2025-12-18,paid_social,83374.89,15
2025-12-18,referral,63000.44,7
2025-12-18,search,201675.3,36
2025-12-19,Email,0.0,0
2025-12-19,ORGANIC,0.0,0
2025-12-19,Organic,0.0,0
2025-12-19,PAID_SOCIAL,0.0,0
2025-12-19,Paid_Social,0.0,0
2025-12-19,REFERRAL,0.0,0
2025-12-19,Referral,0.0,0
2025-12-19,SEARCH,3246.44,1
2025-12-19,Search,0.0,0
2025-12-19,email,61692.74,12
2025-12-19,organic,32985.79,5
2025-12-19,paid_social,70863.25,13
2025-12-19,referral,42540.29,6
2025-12-19,search,208382.1,31
2025-12-20,EMAIL,0.0,0
2025-12-20,Email,0.0,0
2025-12-20,Organic,0.0,0
2025-12-20,PAID_SOCIAL,0.0,0
2025-12-20,Paid_Social,0.0,0
2025-12-20,SEARCH,0.0,0
2025-12-20,Search,0.0,0
2025-12-20,email,164249.19,23
2025-12-20,organic,67734.26,12
2025-12-20,paid_social,86408.93,20
2025-12-20,referral,9961.93,2
2025-12-20,search,243503.67,34
2025-12-21,EMAIL,8781.380000000001,1
2025-12-21,Email,0.0,0
2025-12-21,ORGANIC,0.0,0
2025-12-21,Organic,0.0,0
2025-12-21,PAID_SOCIAL,0.0,0
2025-12-21,Paid_Social,0.0,0
2025-12-21,Referral,0.0,0
2025-12-21,SEARCH,0.0,0
2025-12-21,Search,0.0,0
2025-12-21,email,87445.59,12
2025-12-21,organic,75247.43,10
2025-12-21,paid_social,96136.81,14
2025-12-21,referral,31303.49,7
2025-12-21,search,272749.02,40
2025-12-22,EMAIL,0.0,0
2025-12-22,Email,0.0,0
2025-12-22,ORGANIC,0.0,0
2025-12-22,Organic,0.0,0
2025-12-22,PAID_SOCIAL,0.0,0
2025-12-22,Paid_Social,0.0,0
2025-12-22,REFERRAL,0.0,0
2025-12-22,Referral,0.0,0
2025-12-22,SEARCH,0.0,0
2025-12-22,Search,0.0,0
2025-12-22,email,159658.85,17
2025-12-22,organic,30041.13,7
2025-12-22,paid_social,24863.9,8
2025-12-22,referral,28009.12,5
2025-12-22,search,127916.19,16
2025-12-23,EMAIL,0.0,0
2025-12-23,Email,16421.36,1
2025-12-23,ORGANIC,0.0,0
2025-12-23,Organic,1380.57,1
2025-12-23,PAID_SOCIAL,0.0,0
2025-12-23,Paid_Social,0.0,0
2025-12-23,REFERRAL,0.0,0
2025-12-23,SEARCH,0.0,0
2025-12-23,Search,0.0,0
2025-12-23,email,110150.37,19
2025-12-23,organic,32032.91,11
2025-12-23,paid_social,109016.48,14
2025-12-23,referral,56630.259999999995,6
2025-12-23,search,212131.49,28
2025-12-24,EMAIL,0.0,0
2025-12-24,Email,0.0,0
2025-12-24,ORGANIC,0.0,0
2025-12-24,Organic,0.0,0
2025-12-24,PAID_SOCIAL,0.0,0
2025-12-24,Paid_Social,0.0,0
2025-12-24,REFERRAL,0.0,0
2025-12-24,Referral,0.0,0
2025-12-24,SEARCH,0.0,0
2025-12-24,Search,0.0,0
2025-12-24,email,84599.77,15
2025-12-24,organic,45334.83,6
2025-12-24,paid_social,80346.25,13
2025-12-24,referral,26715.37,4
2025-12-24,search,260673.74,32
2025-12-25,EMAIL,0.0,0
2025-12-25,ORGANIC,0.0,0
2025-12-25,Organic,0.0,0
2025-12-25,PAID_SOCIAL,0.0,0
2025-12-25,Paid_Social,0.0,0
2025-12-25,SEARCH,0.0,0
2025-12-25,Search,0.0,0
2025-12-25,email,98759.08,15
2025-12-25,organic,75682.7,11
2025-12-25,paid_social,61969.9,8
2025-12-25,referral,26241.22,4
2025-12-25,search,296987.53,39
2025-12-26,EMAIL,0.0,0
2025-12-26,ORGANIC,0.0,0
2025-12-26,Organic,0.0,0
2025-12-26,PAID_SOCIAL,0.0,0
2025-12-26,Paid_Social,0.0,0
2025-12-26,REFERRAL,0.0,0
2025-12-26,Referral,0.0,0
2025-12-26,SEARCH,0.0,0
2025-12-26,Search,0.0,0
2025-12-26,email,168773.61,26
2025-12-26,organic,149912.45,18
2025-12-26,paid_social,200263.48,28
2025-12-26,referral,52297.88,9
2025-12-26,search,295887.58,43
2025-12-27,EMAIL,4801.5,1
2025-12-27,Email,10081.92,1
2025-12-27,ORGANIC,0.0,0
2025-12-27,Organic,0.0,0
2025-12-27,PAID_SOCIAL,0.0,0
2025-12-27,Paid_Social,0.0,0
2025-12-27,SEARCH,0.0,0
2025-12-27,Search,14497.739999999998,1
2025-12-27,email,164353.94,24
2025-12-27,organic,93994.08,14
2025-12-27,paid_social,183464.57,30
2025-12-27,referral,49760.26,12
2025-12-27,search,246170.73,36
2025-12-28,EMAIL,0.0,0
2025-12-28,Email,0.0,0
2025-12-28,ORGANIC,0.0,0
2025-12-28,Organic,0.0,0
2025-12-28,PAID_SOCIAL,10271.31,1
2025-12-28,Paid_Social,0.0,0
2025-12-28,REFERRAL,0.0,0
2025-12-28,Referral,0.0,0
2025-12-28,SEARCH,0.0,0
2025-12-28,Search,0.0,0
2025-12-28,email,148353.47,23
2025-12-28,organic,89148.7,13
2025-12-28,paid_social,215624.76,31
2025-12-28,referral,77802.92,11
2025-12-28,search,235674.87,35
2025-12-29,EMAIL,0.0,0
2025-12-29,Email,0.0,0
2025-12-29,ORGANIC,0.0,0
2025-12-29,Organic,0.0,0
2025-12-29,PAID_SOCIAL,0.0,0
2025-12-29,Paid_Social,0.0,0
2025-12-29,REFERRAL,0.0,0
2025-12-29,SEARCH,522.65,1
2025-12-29,Search,0.0,0
2025-12-29,email,163491.27,25
2025-12-29,organic,123787.88,19
2025-12-29,paid_social,140055.78,24
2025-12-29,referral,14218.75,3
2025-12-29,search,335678.07,46
2025-12-30,EMAIL,0.0,0
2025-12-30,Email,0.0,0
2025-12-30,ORGANIC,0.0,0
2025-12-30,Organic,0.0,0
2025-12-30,PAID_SOCIAL,0.0,0
2025-12-30,Paid_Social,0.0,0
2025-12-30,REFERRAL,0.0,0
2025-12-30,Referral,0.0,0
2025-12-30,SEARCH,0.0,0
2025-12-30,Search,0.0,0
2025-12-30,email,160136.3,23
2025-12-30,organic,81212.41,12
2025-12-30,paid_social,127255.99,21
2025-12-30,referral,34700.88,8
2025-12-30,search,276113.04,40
2025-12-31,EMAIL,0.0,0
2025-12-31,Email,0.0,0
2025-12-31,ORGANIC,0.0,0
2025-12-31,Organic,0.0,0
2025-12-31,PAID_SOCIAL,0.0,0
2025-12-31,Paid_Social,0.0,0
2025-12-31,REFERRAL,0.0,0
2025-12-31,Referral,0.0,0
2025-12-31,SEARCH,0.0,0
2025-12-31,Search,0.0,0
2025-12-31,email,186511.08,25
2025-12-31,organic,113873.09,16
2025-12-31,paid_social,151077.47,22
2025-12-31,referral,113683.44,17
2025-12-31,search,311205.69,40
2026-01-01,EMAIL,0.0,0
2026-01-01,Email,0.0,0
2026-01-01,ORGANIC,4301.6,1
2026-01-01,Organic,0.0,0
2026-01-01,PAID_SOCIAL,0.0,0
2026-01-01,Paid_Social,0.0,0
2026-01-01,SEARCH,0.0,0
2026-01-01,Search,0.0,0
2026-01-01,email,95154.23,14
2026-01-01,organic,90815.75,11
2026-01-01,paid_social,111537.29,23
2026-01-01,referral,65134.82,7
2026-01-01,search,312795.79,43
2026-01-02,EMAIL,0.0,0
2026-01-02,Email,0.0,0
2026-01-02,ORGANIC,0.0,0
2026-01-02,Organic,0.0,0
2026-01-02,PAID_SOCIAL,0.0,0
2026-01-02,Paid_Social,0.0,0
2026-01-02,REFERRAL,0.0,0
2026-01-02,Referral,0.0,0
2026-01-02,SEARCH,9862.38,1
2026-01-02,Search,0.0,0
2026-01-02,email,109428.88,17
2026-01-02,organic,59524.57,9
2026-01-02,paid_social,71274.78,15
2026-01-02,referral,24401.51,5
2026-01-02,search,185075.04,30
2026-01-03,EMAIL,5997.37,1
2026-01-03,Email,0.0,0
2026-01-03,ORGANIC,0.0,0
2026-01-03,Organic,0.0,0
2026-01-03,PAID_SOCIAL,0.0,0
2026-01-03,Paid_Social,0.0,0
2026-01-03,REFERRAL,0.0,0
2026-01-03,Referral,0.0,0
2026-01-03,SEARCH,0.0,0
2026-01-03,Search,0.0,0
2026-01-03,email,124528.6,20
2026-01-03,organic,34056.96,7
2026-01-03,paid_social,13309.82,2
2026-01-03,referral,54270.6,8
2026-01-03,search,192271.49,24
2026-01-04,ORGANIC,0.0,0
2026-01-04,Organic,0.0,0
2026-01-04,PAID_SOCIAL,0.0,0
2026-01-04,Paid_Social,0.0,0
2026-01-04,SEARCH,0.0,0
2026-01-04,Search,0.0,0
2026-01-04,email,87601.23,11
2026-01-04,organic,81683.26,10
2026-01-04,paid_social,100447.03,12
2026-01-04,referral,81699.61,11
2026-01-04,search,227275.94,28
2026-01-05,EMAIL,0.0,0
2026-01-05,Email,0.0,0
2026-01-05,Organic,0.0,0
2026-01-05,PAID_SOCIAL,3864.69,1
2026-01-05,Paid_Social,0.0,0
2026-01-05,Referral,0.0,0
2026-01-05,SEARCH,0.0,0
2026-01-05,Search,0.0,0
2026-01-05,email,133582.63,23
2026-01-05,organic,86250.09,12
2026-01-05,paid_social,59027.0,11
2026-01-05,referral,40413.159999999996,6
2026-01-05,search,178598.61,27
2026-01-06,EMAIL,0.0,0
2026-01-06,ORGANIC,0.0,0
2026-01-06,Organic,0.0,0
2026-01-06,PAID_SOCIAL,0.0,0
2026-01-06,Paid_Social,0.0,0
2026-01-06,REFERRAL,0.0,0
2026-01-06,Referral,0.0,0
2026-01-06,SEARCH,0.0,0
2026-01-06,Search,5500.88,1
2026-01-06,email,65625.69,14
2026-01-06,organic,39146.91,6
2026-01-06,paid_social,83358.26,15
2026-01-06,referral,53061.11,9
2026-01-06,search,182752.05,27
2026-01-07,EMAIL,0.0,0
2026-01-07,ORGANIC,0.0,0
2026-01-07,Organic,0.0,0
2026-01-07,PAID_SOCIAL,0.0,0
2026-01-07,Paid_Social,0.0,0
2026-01-07,Referral,0.0,0
2026-01-07,SEARCH,0.0,0
2026-01-07,Search,0.0,0
2026-01-07,email,108304.66,17
2026-01-07,organic,37377.41,5
2026-01-07,paid_social,47736.97,8
2026-01-07,referral,26187.67,5
2026-01-07,search,127487.25,19
2026-01-08,EMAIL,0.0,0
2026-01-08,ORGANIC,0.0,0
2026-01-08,Organic,0.0,0
2026-01-08,PAID_SOCIAL,0.0,0
2026-01-08,Paid_Social,0.0,0
2026-01-08,REFERRAL,0.0,0
2026-01-08,SEARCH,14869.25,1
2026-01-08,Search,0.0,0
2026-01-08,email,58028.61,7
2026-01-08,organic,120398.59,15
2026-01-08,paid_social,70820.56,14
2026-01-08,referral,28107.53,5
2026-01-08,search,256537.22999999998,41
2026-01-09,EMAIL,0.0,0
2026-01-09,ORGANIC,0.0,0
2026-01-09,Organic,0.0,0
2026-01-09,PAID_SOCIAL,0.0,0
2026-01-09,Paid_Social,0.0,0
2026-01-09,REFERRAL,0.0,0
2026-01-09,Referral,0.0,0
2026-01-09,SEARCH,2719.92,1
2026-01-09,Search,0.0,0
2026-01-09,email,73369.95999999999,11
2026-01-09,organic,61219.560000000005,11
2026-01-09,paid_social,143849.43,19
2026-01-09,referral,75792.95,8
2026-01-09,search,190499.27,25
2026-01-10,EMAIL,0.0,0
2026-01-10,Email,0.0,0
2026-01-10,ORGANIC,0.0,0
2026-01-10,Organic,0.0,0
2026-01-10,PAID_SOCIAL,0.0,0
2026-01-10,Paid_Social,12055.220000000001,1
2026-01-10,REFERRAL,0.0,0
2026-01-10,Referral,0.0,0
2026-01-10,SEARCH,0.0,0
2026-01-10,Search,0.0,0
2026-01-10,email,66904.2,10
2026-01-10,organic,66053.1,15
2026-01-10,paid_social,136644.05000000002,17
2026-01-10,referral,29462.06,5
2026-01-10,search,237476.78,34
2026-01-11,EMAIL,0.0,0
2026-01-11,Email,0.0,0
2026-01-11,ORGANIC,0.0,0
2026-01-11,Organic,0.0,0
2026-01-11,PAID_SOCIAL,0.0,0
2026-01-11,Paid_Social,0.0,0
2026-01-11,REFERRAL,0.0,0
2026-01-11,Referral,0.0,0
2026-01-11,SEARCH,0.0,0
2026-01-11,Search,0.0,0
2026-01-11,email,137061.75,20
2026-01-11,organic,76934.68000000001,11
2026-01-11,paid_social,51189.68,7
2026-01-11,referral,37184.5,7
2026-01-11,search,293169.19,41
2026-01-12,Email,0.0,0
2026-01-12,ORGANIC,0.0,0
2026-01-12,Organic,0.0,0
2026-01-12,PAID_SOCIAL,2674.3,1
2026-01-12,Paid_Social,0.0,0
2026-01-12,REFERRAL,0.0,0
2026-01-12,Referral,0.0,0
2026-01-12,SEARCH,0.0,0
2026-01-12,Search,0.0,0
2026-01-12,email,107460.7,15
2026-01-12,organic,78061.32,9
2026-01-12,paid_social,121050.96,15
2026-01-12,referral,48872.93,8
2026-01-12,search,180373.52,28
2026-01-13,ORGANIC,0.0,0
2026-01-13,Organic,0.0,0
2026-01-13,PAID_SOCIAL,0.0,0
2026-01-13,Paid_Social,0.0,0
2026-01-13,REFERRAL,0.0,0
2026-01-13,SEARCH,0.0,0
2026-01-13,Search,0.0,0
2026-01-13,email,71495.81999999999,14
2026-01-13,organic,28412.98,5
2026-01-13,paid_social,82563.98,13
2026-01-13,referral,11835.55,3
2026-01-13,search,265351.23,35
2026-01-14,EMAIL,0.0,0
2026-01-14,Email,0.0,0
2026-01-14,ORGANIC,0.0,0
2026-01-14,Organic,0.0,0
2026-01-14,PAID_SOCIAL,0.0,0
2026-01-14,Paid_Social,0.0,0
2026-01-14,REFERRAL,0.0,0
2026-01-14,Referral,0.0,0
2026-01-14,SEARCH,0.0,0
2026-01-14,Search,0.0,0
2026-01-14,email,65497.21,8
2026-01-14,organic,75735.7,11
2026-01-14,paid_social,120319.68,23
2026-01-14,referral,63057.14,8
2026-01-14,search,217056.5,29
2026-01-15,EMAIL,0.0,0
2026-01-15,Email,0.0,0
2026-01-15,ORGANIC,0.0,0
2026-01-15,Organic,0.0,0
2026-01-15,PAID_SOCIAL,0.0,0
2026-01-15,Paid_Social,0.0,0
2026-01-15,REFERRAL,0.0,0
2026-01-15,SEARCH,0.0,0
2026-01-15,Search,0.0,0
2026-01-15,email,107821.81,17
2026-01-15,organic,48066.85,9
2026-01-15,paid_social,97440.48,14
2026-01-15,referral,25434.65,4
2026-01-15,search,166846.96,25
2026-01-16,EMAIL,0.0,0
2026-01-16,Email,0.0,0
2026-01-16,ORGANIC,0.0,0
2026-01-16,Organic,0.0,0
2026-01-16,PAID_SOCIAL,0.0,0
2026-01-16,Paid_Social,0.0,0
2026-01-16,Referral,0.0,0
2026-01-16,SEARCH,3893.3699999999994,1
2026-01-16,Search,18833.78,2
2026-01-16,email,87920.23,12
2026-01-16,organic,39106.97,6
2026-01-16,paid_social,120971.86,15
2026-01-16,referral,22131.62,3
2026-01-16,search,174168.45,26
2026-01-17,EMAIL,0.0,0
2026-01-17,Email,0.0,0
2026-01-17,ORGANIC,0.0,0
2026-01-17,Organic,2030.85,1
2026-01-17,PAID_SOCIAL,0.0,0
2026-01-17,Paid_Social,0.0,0
2026-01-17,REFERRAL,0.0,0
2026-01-17,SEARCH,0.0,0
2026-01-17,Search,0.0,0
2026-01-17,email,64147.6,8
2026-01-17,organic,68744.15,7
2026-01-17,paid_social,123876.93,21
2026-01-17,referral,43018.29,7
2026-01-17,search,320605.52,43
2026-01-18,EMAIL,0.0,0
2026-01-18,Email,0.0,0
2026-01-18,ORGANIC,0.0,0
2026-01-18,PAID_SOCIAL,0.0,0
2026-01-18,Paid_Social,0.0,0
2026-01-18,REFERRAL,0.0,0
2026-01-18,Referral,0.0,0
2026-01-18,SEARCH,3786.16,1
2026-01-18,Search,0.0,0
2026-01-18,email,95511.73,16
2026-01-18,organic,59068.840000000004,10
2026-01-18,paid_social,112268.47,16
2026-01-18,referral,62332.520000000004,8
2026-01-18,search,193810.12,29
2026-01-19,Email,0.0,0
2026-01-19,ORGANIC,0.0,0
2026-01-19,Organic,0.0,0
2026-01-19,PAID_SOCIAL,0.0,0
2026-01-19,Paid_Social,0.0,0
2026-01-19,REFERRAL,0.0,0
2026-01-19,Referral,0.0,0
2026-01-19,SEARCH,0.0,0
2026-01-19,Search,0.0,0
2026-01-19,email,127201.16,17
2026-01-19,organic,32869.35,7
2026-01-19,paid_social,66446.89,11
2026-01-19,referral,4483.9400000000005,1
2026-01-19,search,264655.36,38
2026-01-20,Email,0.0,0
2026-01-20,ORGANIC,0.0,0
2026-01-20,Organic,0.0,0
2026-01-20,PAID_SOCIAL,0.0,0
2026-01-20,Paid_Social,0.0,0
2026-01-20,Referral,0.0,0
2026-01-20,SEARCH,0.0,0
2026-01-20,Search,0.0,0
2026-01-20,email,74094.8,11
2026-01-20,organic,69295.65,9
2026-01-20,paid_social,95609.46,14
2026-01-20,referral,49533.73,9
2026-01-20,search,154750.44,25
2026-01-21,EMAIL,0.0,0
2026-01-21,Email,0.0,0
2026-01-21,ORGANIC,0.0,0
2026-01-21,Organic,0.0,0
2026-01-21,PAID_SOCIAL,0.0,0
2026-01-21,Paid_Social,0.0,0
2026-01-21,Referral,0.0,0
2026-01-21,SEARCH,7148.110000000001,1
2026-01-21,Search,0.0,0
2026-01-21,email,204014.0,26
2026-01-21,organic,76819.31,12
2026-01-21,paid_social,42929.82,9
2026-01-21,referral,27603.59,5
2026-01-21,search,212115.01,33
2026-01-22,EMAIL,0.0,0
2026-01-22,Email,0.0,0
2026-01-22,ORGANIC,0.0,0
2026-01-22,Organic,0.0,0
2026-01-22,PAID_SOCIAL,0.0,0
2026-01-22,Paid_Social,0.0,0
2026-01-22,REFERRAL,0.0,0
2026-01-22,Referral,0.0,0
2026-01-22,SEARCH,0.0,0
2026-01-22,Search,0.0,0
2026-01-22,email,59883.31,11
2026-01-22,organic,92315.76,11
2026-01-22,paid_social,107927.18,16
2026-01-22,referral,34451.62,5
2026-01-22,search,195236.57,32
2026-01-23,EMAIL,0.0,0
2026-01-23,Email,0.0,0
2026-01-23,ORGANIC,0.0,0
2026-01-23,PAID_SOCIAL,0.0,0
2026-01-23,Paid_Social,6198.91,1
2026-01-23,Referral,0.0,0
2026-01-23,SEARCH,0.0,0
2026-01-23,Search,0.0,0
2026-01-23,email,58056.62,7
2026-01-23,organic,38915.79,8
2026-01-23,paid_social,69692.92,13
2026-01-23,referral,34173.47,7
2026-01-23,search,167770.16,23
2026-01-24,Email,0.0,0
2026-01-24,ORGANIC,0.0,0
2026-01-24,Organic,11083.78,1
2026-01-24,PAID_SOCIAL,0.0,0
2026-01-24,Paid_Social,0.0,0
2026-01-24,Referral,0.0,0
2026-01-24,SEARCH,0.0,0
2026-01-24,Search,0.0,0
2026-01-24,email,53727.72,9
2026-01-24,organic,108005.24,15
2026-01-24,paid_social,68403.27,12
2026-01-24,referral,34150.65,6
2026-01-24,search,261392.04,37
2026-01-25,EMAIL,0.0,0
2026-01-25,Email,0.0,0
2026-01-25,ORGANIC,0.0,0
2026-01-25,Organic,0.0,0
2026-01-25,PAID_SOCIAL,0.0,0
2026-01-25,Paid_Social,5224.54,1
2026-01-25,REFERRAL,0.0,0
2026-01-25,SEARCH,0.0,0
2026-01-25,Search,0.0,0
2026-01-25,email,83561.57,11
2026-01-25,organic,62743.1,13
2026-01-25,paid_social,63783.62,16
2026-01-25,referral,32271.039999999997,8
2026-01-25,search,323852.11,43
2026-01-26,EMAIL,0.0,0
2026-01-26,Email,0.0,0
2026-01-26,ORGANIC,0.0,0
2026-01-26,Organic,0.0,0
2026-01-26,PAID_SOCIAL,0.0,0
2026-01-26,Paid_Social,0.0,0
2026-01-26,REFERRAL,0.0,0
2026-01-26,Referral,0.0,0
2026-01-26,SEARCH,0.0,0
2026-01-26,Search,0.0,0
2026-01-26,email,78850.82,13
2026-01-26,organic,91226.53,14
2026-01-26,paid_social,70243.85,10
2026-01-26,referral,12073.36,5
2026-01-26,search,226861.73,30
2026-01-27,EMAIL,0.0,0
2026-01-27,Email,0.0,0
2026-01-27,ORGANIC,0.0,0
2026-01-27,Organic,0.0,0
2026-01-27,PAID_SOCIAL,0.0,0
2026-01-27,Paid_Social,0.0,0
2026-01-27,REFERRAL,0.0,0
2026-01-27,Referral,0.0,0
2026-01-27,SEARCH,0.0,0
2026-01-27,Search,0.0,0
2026-01-27,email,112628.42,17
2026-01-27,organic,36187.79,6
2026-01-27,paid_social,121274.85,18
2026-01-27,referral,25904.52,6
2026-01-27,search,207547.19999999998,30
2026-01-28,EMAIL,0.0,0
2026-01-28,ORGANIC,0.0,0
2026-01-28,Organic,0.0,0
2026-01-28,PAID_SOCIAL,0.0,0
2026-01-28,Paid_Social,0.0,0
2026-01-28,Referral,0.0,0
2026-01-28,Search,0.0,0
2026-01-28,email,83973.1,11
2026-01-28,organic,65241.04,8
2026-01-28,paid_social,86102.34,14
2026-01-28,referral,17655.65,3
2026-01-28,search,237371.23,39
2026-01-29,EMAIL,0.0,0
2026-01-29,Email,0.0,0
2026-01-29,ORGANIC,0.0,0
2026-01-29,Organic,0.0,0
2026-01-29,PAID_SOCIAL,0.0,0
2026-01-29,Paid_Social,0.0,0
2026-01-29,Referral,0.0,0
2026-01-29,SEARCH,0.0,0
2026-01-29,Search,0.0,0
2026-01-29,email,46343.73,7
2026-01-29,organic,41665.07,8
2026-01-29,paid_social,75689.64,13
2026-01-29,referral,21806.16,4
2026-01-29,search,219806.55,28
2026-01-30,EMAIL,0.0,0
2026-01-30,Email,0.0,0
2026-01-30,ORGANIC,0.0,0
2026-01-30,Organic,0.0,0
2026-01-30,PAID_SOCIAL,0.0,0
2026-01-30,Paid_Social,0.0,0
2026-01-30,REFERRAL,0.0,0
2026-01-30,Referral,0.0,0
2026-01-30,SEARCH,0.0,0
2026-01-30,Search,2545.38,1
2026-01-30,email,111855.05,16
2026-01-30,organic,86027.38,11
2026-01-30,paid_social,56594.94,11
2026-01-30,referral,23846.42,2
2026-01-30,search,193597.78,26
